PC1,PC2,Cluster
-1.3119490120205068,-1.6770150231003869,1
-0.4984296472566143,-0.21046016730145378,1
-1.1237876323800946,-1.6231777071766302,1
-0.4477894822188333,0.4077502605223312,1
-0.557665464089378,-2.469933284817583,1
0.9114454939541854,-1.719048716016589,1
0.8155487638372385,-0.9838417208954864,1
-1.6828644530443737,-1.3790921287726425,1
1.8174630444024922,-0.4581800747692226,1
0.17918377102354707,0.8473113993676666,1
-1.0239418025797804,-1.0530885900121378,1
-3.1452055637094065,1.1562012970364832,0
2.326404714923176,0.9939464924628293,1
2.2992738040720844,0.17395047791835855,1
1.3584871976681012,-0.6457752381860742,1
3.288588319549101,2.581405259881421,1
-2.713026114821178,1.8280026411846408,0
2.806019564470726,1.7976767829831075,1
-0.8819185389434219,-0.6678705506147635,1
0.7154800719241237,-1.241680003142531,1
-0.6759115810586214,-2.2479437620419374,1
-3.102010626456187,1.2103849638149435,0
-3.520118340834328,0.3136059403582173,0
0.8291179747537178,0.831185444764543,1
0.11457230272248572,0.7189063502066467,1
-0.414807642591118,-0.7927180702960226,1
2.1451980923327336,0.1377072969884291,1
-1.5200096425915746,-1.293225108016032,1
2.587861678282656,2.263074789122051,1
-0.37215966111085774,-1.1675690050520755,1
3.0097999628089296,1.365787128754891,1
0.8132040867116603,-1.9415930507646273,1
-0.1365449263046025,0.5864605006108882,1
-3.400896511463915,0.3607075254359753,0
-1.1264811446235907,-2.341944216236833,1
2.651916477676329,2.181276783559836,1
-0.5733014335932988,-2.358727636321853,1
0.7296529404513039,-0.6191751126295473,1
1.9242538774062978,-0.5667063067720834,1
0.937817106965853,-1.4062664547599855,1
-1.1278523878399032,-0.6711775768381838,1
1.5280925787945976,1.6076465125860495,1
-3.0940705093995238,1.492409298283721,0
1.7118686659799585,1.4585068021317205,1
0.3345748729912106,-0.7485816864838468,1
1.3268237085928927,-0.7616543677963181,1
-1.427603663525866,-1.6933371135576674,1
-0.25952853988552893,-2.3289594883960243,1
1.428442050845123,0.8121922309358347,1
1.1718579812372123,1.6463497801559752,1
1.864150325142577,-1.140040939590823,1
0.7807635123705164,-1.093161470819883,1
0.7381791441677716,-0.8400144081171281,1
0.6050442069437563,-1.9864400551618053,1
1.7164121140362734,1.2176553597293014,1
1.3698604626480113,-2.055089009246246,1
2.5683978735169206,1.2337335784754953,1
3.5480146544200806,1.2327143117806723,1
-2.362711736402439,2.1281840679083786,0
3.172424075241704,1.5045735797231246,1
2.197790852979385,-0.06900291878867809,1
1.9501562586450782,0.09574588571607479,1
0.24587908889421115,1.486745627112229,1
-0.49175673873924963,-0.29096632948536394,1
0.5148956851150928,-1.7511451378505818,1
-0.13752935414351733,-1.4937057670131446,1
1.257533501497423,-0.16063995005579657,1
0.5003539127267294,0.41595675987419556,1
-2.549992475090874,2.4269390919456706,0
-0.13758276621676113,-1.5722138873941007,1
-1.5122019704634273,-1.6852043232554297,1
-2.28351670287512,2.001795170035023,0
3.5031311764983077,1.5146091337008232,1
-1.8027478666872645,2.6250052022395316,0
-0.7138168574949801,-1.1717071873360319,1
3.019790495315615,0.5455676243349157,1
-0.07408055334655805,-0.1432353643345936,1
-1.032276990461537,-0.803647966546172,1
0.8124500911723342,-1.0986784224051076,1
-1.985559819156568,2.110450129958548,0
-0.2961249982765318,-2.1511103018658746,1
-0.6416575412554821,-0.7428650195048061,1
-0.18078383823833122,-1.5957728916586507,1
1.8720456825547245,0.13149871551142728,1
-2.336902264823357,2.028123543750934,0
0.8889127004664927,-1.4977121771252386,1
0.1638766217282482,-0.1095279854595903,1
-2.5237025038078933,2.3970359700483357,0
-2.5250144423153413,2.1245958481512504,0
-1.0037998931960432,-0.7154067727869879,1
0.5277972371382768,-0.2376505410870664,1
-0.2978844551047852,-2.5126840628164198,1
2.0480200353771565,1.9933743841997003,1
3.0386303730669106,1.0324089810240922,1
3.0263578179221033,1.449596369508299,1
0.11472442614098263,-1.8523792097642562,1
1.3298994946944263,1.6079816461551453,1
-3.431898430439788,0.4025781622458953,0
-2.5645640851268623,2.0044506108999434,0
1.7307796805977174,-1.1098659807153541,1
-3.5190702324960084,0.31332104459482113,0
-3.2983813295005917,0.6492483248442186,0
1.3732622298051003,0.12488115363954633,1
0.7899145074614335,0.6969309105426063,1
3.3488117328922606,1.8890306934181684,1
-1.9345604816070974,-1.7377484393257108,1
3.0564012010894435,1.5871981868754967,1
-1.2739861697651824,-0.5161869151156618,1
1.3536345112896122,-0.12271366358974733,1
-2.246317023803623,2.953879594993313,0
2.1436547405331345,0.26666099599340487,1
0.10244681553080101,0.6476059799900906,1
1.3945200707169914,-0.4927440986888594,1
1.1996642121937149,-1.4802450663415128,1
0.9086503265496289,1.2705959845612511,1
-0.01244624074048531,-1.1796837537799392,1
-1.0427195980215873,-0.2466772718655037,1
1.0044818749474769,-1.1594306247221777,1
-2.8590706785666615,1.688932753849684,0
0.7982461222312422,-0.4501311008274733,1
2.428936409389426,0.9687743651330589,1
-3.440149415723243,0.42700029853744237,0
-0.21669282954233895,-2.383558156042872,1
-1.2777603048101642,-1.0551053265318524,1
-3.3925738266029137,0.8672800825908256,0
0.9563085532847397,-0.34648797040661394,1
0.9780646841305243,-1.8149891143650985,1
-1.6168306074584673,2.6655447298461894,0
-3.5285032075408815,0.3158851064653865,0
1.3970092640220815,0.4277029318587575,1
0.5091084968620002,-1.9272470546175566,1
0.22909626287783333,0.17110540814249792,1
0.015352500973406735,0.6267567334706311,1
-1.2574009356896096,-2.039172198005663,1
-1.5040533539021061,-2.0566860246756047,1
-2.0976916517133497,1.6967876918513036,0
0.0538366848536542,-1.3527461258095617,1
-2.4423478989345013,2.7183626078081997,0
-2.48536961571289,2.1192553258548865,0
-0.2548808943152917,-2.517102528855502,1
2.926839180791814,2.0422993041369137,1
-0.3025922559407245,-1.2283392185283424,1
2.6087420017755156,1.018915541950075,1
1.7417416846874263,0.5941924006237862,1
-1.4137012038016983,2.370098100350689,0
2.5741756530391107,1.7518550985164807,1
-3.448883574684382,0.6786469261063819,0
-1.2938020266647183,-2.26565005718587,1
-0.04575700096926261,0.08556975364307268,1
-0.08845020331567768,-0.36429989516737415,1
-0.18830433732382,-1.0558417977953294,1
0.3111562154159794,-1.6687907222327958,1
3.362079585951019,2.0650981935701034,1
1.7282071342403442,2.025763678034573,1
-3.364641716065273,0.9168591137084839,0
0.18539119175961635,-1.2628355978292767,1
0.621039738973275,-1.4327405047971702,1
-3.080195078911058,1.6097435589373428,0
-0.4483676541879106,0.029675209046165996,1
-2.8337844121821982,1.0510632376042839,0
-0.702922852346337,-1.2567478267262981,1
0.3292054269943012,-1.1643998422889121,1
-0.6154854846197136,-2.456522281075042,1
1.3029756897946525,0.8850747062184198,1
-3.2126935514976624,1.3463639538999068,0
-2.3560986091865694,2.627030471239643,0
-0.567072870440138,-2.20315425171732,1
2.54166086764271,2.2521395959392514,1
0.7779896570622222,-0.2016157390397728,1
-3.0590983315371276,0.9991652004536682,0
1.0871649134038102,0.4041979629692606,1
1.0520242549778906,-1.4231232208863793,1
0.23850974749952578,0.12978657452821268,1
1.9701487036908614,0.5764884723422108,1
-2.8809495744522358,1.4063805644526362,0
-2.408490033610019,1.2724152650408935,0
0.33537661037005606,-2.3002013597658344,1
-0.16798807833574111,-2.14661549081367,1
1.393570562396311,-0.5665301169753105,1
-2.1577248191880174,2.202407050766496,0
-1.6327567080024379,-1.5824539843169116,1
-1.619415975872154,-1.9459495910276479,1
0.06483368415397003,-1.7191474558286641,1
0.49409092904132557,0.6447216562937585,1
0.1384614711931957,-1.6477434236984259,1
-1.5156991902618562,-1.8914167696258253,1
-0.8175598733766337,-1.3700005284972694,1
-1.6530897610627906,-1.6908929295994852,1
-3.166186628712207,0.7609327524075663,0
0.08782637941605073,-0.23214216333402982,1
0.8978649276890946,0.7046900862420955,1
0.4242612688875548,-1.4751699015343285,1
-2.258457402560689,2.8857076906075116,0
3.267792532933469,2.416881065981511,1
-2.4160658104129413,2.658206283414229,0
0.902984273664998,-0.7390197901497155,1
-2.371831033013036,1.7135951201909974,0
2.9065409367338666,0.6345411989820209,1
3.4828342154605667,2.2374680709345376,1
-3.5341204476103774,0.5224902854347264,0
1.3182479972600147,-0.054623891397795,1
0.031036758402391645,-1.4055766826593121,1
2.9329550313441684,1.8809203225233235,1
-0.029162792739196503,-1.5553704491837095,1
0.15222790650720594,-0.7952605512989781,1
0.5970246076206768,-0.46987951248642656,1
1.1183220723583913,2.0875653823107756,1
-0.44617494846629246,-2.191484462693375,1
1.1463233339253933,-0.8805126757992203,1
2.6969459201417036,1.5263789218065895,1
-1.3103771492742262,-2.0364555182156114,1
-1.8071543568530208,-1.9968475788114213,1
-2.6415719483817726,2.367877355172991,0
-2.8400503700026296,1.6198932380551936,0
1.0508826115911105,-1.6022139714865098,1
0.979380562653918,0.9026464898524474,1
0.34690241402735356,1.988192820275685,1
1.0225139329944648,1.6863211273989571,1
2.1420236869861813,1.9446349565236292,1
-0.10678638598108196,-1.9416518825025886,1
-0.5634590238040548,-2.396880036365836,1
-1.7559121543577267,2.8204433346666713,0
-3.0555506564920507,0.7934039919655871,0
-1.3409138129896432,-1.3294499855334607,1
-3.0279115738546243,0.7662945986007407,0
-0.3543198591395393,-0.5573626598677783,1
0.7365074465029267,0.6339110657284226,1
-1.1372630356874627,-1.5478965898018462,1
1.03668895726071,-0.8862843726436094,1
1.6656843785609232,1.3843977905064229,1
2.5720393414123084,1.0775224049483954,1
1.5765343518079145,0.24448505257573194,1
-0.2862782313303456,-1.9708968470723707,1
-2.266000567056676,2.487356247937762,0
-2.582165198968011,0.8804545006006794,0
-0.8601144507140711,-1.8273915429873253,1
-1.432480426536204,-1.104007362170606,1
0.2308594674156453,-1.6308852073240647,1
1.032159943813777,-2.125454416582344,1
-3.2685338546052454,1.1010361654791998,0
2.2132274658518862,1.9021966803670063,1
3.1176647701598648,1.9151202209158245,1
0.8470736833598109,0.7569846435601559,1
2.4375908566122058,0.5310090192877206,1
-0.2386497106457371,-1.9169180446100533,1
-0.2624967854448209,-2.4274275447073004,1
0.2564058078122521,-0.03143653431892457,1
0.27347831285604973,-2.2766273621464164,1
-1.3550900501522631,-1.864518098972018,1
1.9365442289072925,0.14568412602422598,1
1.816513075636195,0.6198530300505213,1
-0.666504599867367,-1.8104005543206938,1
-0.7454420198721913,-1.828058832873917,1
0.9529112681916343,0.6498583544368337,1
-3.214422917394486,0.3576349533347278,0
1.2994611176936033,1.6616207278570752,1
3.064093223193254,2.276825899408489,1
2.6017653517677934,1.2731084116188578,1
-1.2201090610787657,-1.7580961373878776,1
0.09568314350670734,-0.984240791094628,1
-0.5916174318424026,-2.205740658700307,1
1.67114479231823,-1.771940317157692,1
2.3168811178157864,-0.40713356052742555,1
-0.1633071029001626,0.13366299894450823,1
2.374012713116368,1.2894844274830266,1
1.962376834550111,2.2487240730686224,1
-2.236735753047819,2.0234115125503878,0
1.3790772503381348,-1.183089226515261,1
-2.6469288193346494,2.1120280813049757,0
-1.6097447346181986,2.640837539466338,0
1.0537531863397864,-1.916188309621269,1
0.5852329564874398,0.8050174309825331,1
-1.8439682445798484,-1.7930929432352776,1
1.776802083731392,-1.0539634173284524,1
-0.939164212810006,-2.1707719694864256,1
0.28136883738696916,-1.5759535080382512,1
2.6360866621039833,0.3808117265154025,1
0.31697383975584825,-1.05549297705846,1
-0.26506680215545253,-1.0541353850758244,1
-1.2201756420999195,-1.5717652074124473,1
-1.1976311547959277,-1.3471922870613617,1
-1.0807592605376124,-1.6331396581045277,1
-3.1734379406566835,0.5613242430556385,0
0.2705332101932899,0.25822422344740914,1
0.6178803581869989,-0.6051261160759935,1
0.36379647814026417,-1.2637014823258161,1
-0.9308246625901325,-1.741213815405489,1
-0.694116719623173,-2.0448094746841994,1
0.1292745766163876,-2.496425148213066,1
-1.168702574727744,-1.815942790517734,1
0.6794255106469326,-2.1785243661845044,1
-0.285971501196265,0.05075243863865486,1
0.3665605393223057,0.05275693112894053,1
0.6496727247640781,-2.517977925488678,1
-3.372350228787086,0.5721411411054227,0
-3.5180221241576892,0.31303614883142494,0
1.3670734637021833,1.0595410369347407,1
2.1963217463597835,-0.9459331375542266,1
1.0781162070304242,-0.012399406953288505,1
-0.6959279522987475,-1.881998896537112,1
-0.029347163081469202,-0.8311599549564506,1
0.9716494626646468,-2.5493369551370524,1
0.18130869867214547,-1.7777955769849703,1
1.111504974054327,2.0508204266178893,1
0.8001395882786053,-0.6674751602045925,1
-2.2386757640612407,2.5086995251256616,0
0.9803293087735072,-1.6485902450708085,1
0.2773878890039869,0.5848402357430941,1
2.069495451193465,-0.47736089181151264,1
1.29138189249618,0.7395043692579311,1
-3.2319925877885596,0.1926394537496373,0
0.5427248021211869,-1.168204166159878,1
2.368176123126865,1.1105799984989044,1
-0.04705498740612776,-2.5372658107518644,1
-0.12943275595949266,-2.238867350232618,1
2.4818292603525167,1.5270978356699838,1
-2.15741633608545,2.273777481800389,0
0.8071263258108912,1.0606086336571479,1
1.4407565788879204,-1.3776837236061097,1
1.339553237807097,-0.4454251083562668,1
1.8134575422350154,0.7061545206178088,1
1.3821868414270628,1.789468090947734,1
-1.3116198684161458,-2.2608068292081356,1
-1.2416655618469041,-0.673909088006917,1
1.1273988207016432,1.4332465505457799,1
2.358621304302059,0.5494873441194363,1
0.5849222198408329,-1.9504664164370564,1
-0.2140910172419507,-2.9083767028558043,1
-0.30345044386045394,-1.3095472392461196,1
0.8261861570632467,-1.9507339987025487,1
-2.6777213502311734,1.8682749540653525,0
-3.193802028599025,0.6255745919900101,0
1.8655673126907175,0.20467882658050796,1
-0.1391753982909952,-2.2553478217082024,1
-0.34148779503812043,-1.8649402904849932,1
1.8512110732475582,1.7467919647542962,1
2.3155097489054524,0.22585511383887508,1
2.390001756196248,1.6784998186870892,1
1.349083541022217,-0.5980117531190519,1
2.8949168689632336,0.7672019214904147,1
-0.10377216114761442,-0.9777258053128235,1
2.294953297085599,2.4093151586097727,1
1.2831634774314948,1.1272948775652105,1
-2.536120789387734,2.1025488631670664,0
-2.590220644965885,1.6678116791478532,0
0.06030416154241011,-2.8817477685603006,1
0.116110631449682,-2.202671744099191,1
-2.245687770667162,2.68674532616506,0
-0.4819463035529252,-1.317689653205635,1
2.582926941798402,1.0482308439935977,1
0.41892254295776155,0.7032766607286638,1
-1.3424007634187536,-0.9799016118656456,1
0.599542219587013,-2.4780305270195906,1
0.3448276452361433,-1.2224845146393186,1
-0.3569104209009556,-1.7265718103189203,1
-0.007444579556754066,-1.8763269450915807,1
-0.12458497897201415,-1.99720697522694,1
2.963154840379213,1.2592050085621065,1
-0.7784378868684332,-1.0785588978428555,1
1.6751857743104177,0.4540260875467387,1
-3.506142438659567,0.6225789449672027,0
1.6231843172079494,0.25891536781694413,1
0.03190119187346438,0.5247393265329796,1
-2.591936288677673,1.6599504816183628,0
-0.057947886607373295,-1.5032397522354894,1
0.2778366842348945,-1.5066314023967926,1
-0.22059137909939244,-0.7746684847645631,1
-3.5357153659412903,0.3161108595458605,0
2.8693035275760495,1.2881829433724372,1
3.525798955433721,2.5154236002500765,1
-2.8929544778143472,1.872733547326067,0
0.16811555126841735,-2.299877532411264,1
-1.2547927598173472,-0.11716155239533277,1
2.428331881170553,1.3211075857242514,1
1.388729707420205,-0.5673473291801625,1
1.3370640745328395,0.8027716727833577,1
-1.95061277389043,-1.8436132774737901,1
1.6449018500948343,-0.38479021044501605,1
1.9782404426435212,1.578735896404663,1
0.40173609513090214,-0.957803879643411,1
1.1395959038181818,0.29886709763224767,1
-1.4147422892603119,-1.7300642230023064,1
1.9511784312121006,1.8490331867236456,1
0.297995911025993,-1.912814948689285,1
2.4335292259368346,0.5671519020436824,1
-2.8816023419659698,0.3773710190964936,0
2.1848986252105846,-0.36348423592057366,1
0.3536194445665637,0.39823627411082435,1
1.4229627480000875,-0.4702938126280489,1
-1.5384218491091337,-1.8736573076459484,1
1.2274720455041663,-1.102466120912148,1
1.5317489899160837,-0.38403158551325123,1
-0.9144379629080447,-2.6811814366495064,1
-3.260183022691731,0.7364976292016983,0
2.1498027731886133,-0.9602423741609591,1
2.339264453089643,1.8015338638387823,1
2.464514285509609,-0.26534215158763175,1
0.3619364961600563,-1.0288414706991844,1
0.5112833782486895,-0.9537344146365916,1
-3.071335283647714,1.6284487483724315,0
-2.904072375409394,1.4068107197231265,0
-3.1944085356850946,0.9124807879123976,0
2.8097050574782694,1.1416830129105562,1
0.3964558902602222,1.1185323217644454,1
-3.0015303510496136,1.0292187133539676,0
-2.1202775053427483,2.3097767204738586,0
2.308170947888064,1.2026678283342254,1
1.463304156588043,-0.7741978912750014,1
-3.336540900422502,0.14154932798433306,0
-3.3481946921118406,0.14645169864498986,0
0.3813992818696267,-2.619565354667876,1
-2.015685887888101,1.9069786342498365,0
0.5531737641905586,-1.2928439948160662,1
1.6208675281581248,-0.05658878954537844,1
1.0575643513440625,-0.992530587339542,1
-0.18674547472993722,-0.9398760116357376,1
2.8225315676122884,1.7085929306198477,1
-2.210282141603112,2.053895723756725,0
0.3871797547694372,-0.7929576745688727,1
-0.04020207166031062,-2.5084871015063723,1
-2.8213447618006153,0.7661842261402334,0
-0.47972888919031886,-2.108231309967739,1
1.2987146787545756,0.2550522318504142,1
-2.3328057545478917,2.2020042896608834,0
-1.081161113887144,-0.8741511669716568,1
0.5082104564613186,-0.5127676991000567,1
2.9698652783846198,0.4206527917875579,1
0.2797803691805194,-1.375393217723668,1
0.1710359005585422,-1.7107632698765114,1
0.7250595153158275,1.1925744243044094,1
-2.380685171337783,2.0434861097978163,0
1.5926032152201652,2.2991990318849704,1
-1.1302987924609125,-1.5890462181598135,1
-1.121002248466132,-1.7659682075200345,1
-2.4181964190415877,1.6556507783501002,0
-0.4475114029074068,-0.671236926433207,1
-2.710112172356162,1.7744920214997724,0
3.6365597725847354,2.552425664350152,1
1.29180105647008,-0.4461741400018904,1
-1.2741550758671571,-1.45737313687995,1
1.6289061353850842,-0.4465202433257738,1
2.282976418946541,-0.3286795011280116,1
2.8722829514022363,1.4483711772074312,1
-0.26768899347313657,-0.9632916830240013,1
0.6192873726168352,-0.7823196392202385,1
2.759382615886087,0.3847979917351727,1
-0.9558093462552877,-2.1679821545353866,1
-1.9160971670199838,2.386423287034612,0
0.612921393976823,-1.2754555610366676,1
2.7287295510625613,2.319644075594575,1
-2.1129269924651464,2.209596442310376,0
0.29263946514806716,-1.060956792848384,1
1.0707162239596415,0.9954619697327451,1
0.5541854078841445,-1.010194707087824,1
-2.0809371862420027,2.509670559694387,0
1.58196012982992,-0.9211317158532975,1
1.020393501596254,0.4590292476667469,1
0.6923994141670793,0.9043850079937692,1
-3.3961927324726306,0.6123534270366536,0
-0.2633488400320684,-2.4487895203897745,1
-3.5005067111522346,0.6481746006730329,0
0.2538162549770089,-0.6200870793672952,1
0.682516866876093,-1.204935917170319,1
0.8251526246990122,-1.7688405822439033,1
4.0627991679195326,1.8746254310568988,1
0.06619707056754884,0.6310077536989082,1
3.049335208512147,0.9799500818898645,1
2.4599137800187854,1.1140620530100915,1
-2.8617456114391797,1.9724557818641117,0
-0.744561621677474,-1.1416291005721209,1
-2.8462858042498067,0.5548202843011387,0
-0.9399541460373102,-2.1360363493720724,1
-0.23071855964362292,-1.106393877834175,1
-0.7842828235240497,-0.5112164226466763,1
-0.3354647244825182,-1.78959145476859,1
0.5203627008427262,-1.4937802403918288,1
1.1539755439565158,-0.4216131368502012,1
0.024611511589685164,-0.5325187659526947,1
0.35435083814779544,-1.8511535664663086,1
-0.5591382850708555,-1.4757710154009145,1
-3.2320223072916163,1.4709551176032785,0
0.09005024200489062,0.18398061921958703,1
0.6767422938796673,-2.197003270926395,1
3.4384522598388747,1.9165644444348,1
0.2041664658704467,-1.4283101687709994,1
2.1435791273628344,1.1543486348854446,1
1.0561871639586482,-1.496642437543846,1
2.3854376044553023,1.7072660869379286,1
5.952270017157899,-1.8978380363167164,1
-0.30564987194273846,-2.2322129897015692,1
2.9226697157602874,1.6033899625126693,1
-0.7411252643446743,-1.888970249276396,1
-0.3937148815938952,-1.9395861004692803,1
1.3334461776315918,0.43975884097574097,1
-3.5148777991427314,0.3121814615412365,0
-0.46596287515018064,-0.5029773142488374,1
-0.3936111931393357,-0.16124099617357468,1
-2.2157797132575996,2.69711538921387,0
-1.2083711314196393,-2.117760230540621,1
0.9753907244712707,-1.0491492694025586,1
2.091568793670544,0.6575587467077122,1
2.2337234900545417,0.5129612009130875,1
1.094390364299589,1.393490508753628,1
1.2662714941662878,0.5992689797681033,1
1.873315695221191,1.8904466896707741,1
1.3952842122257803,-1.671172301696199,1
-0.0030944215844683765,-1.5190608873270672,1
0.3214719389619225,-1.6639854896334976,1
0.1306337571727517,-1.5574790230718119,1
-3.5210418492048206,0.3121223188583143,0
1.036630442304001,-0.26090514864311176,1
2.6599828228528657,0.42061400098422563,1
0.28349759936672947,-2.490179801397134,1
2.512299164680873,0.44990120118546917,1
1.2339987982676561,-0.3067168299745069,1
1.8013867220467186,0.05541653470961011,1
-0.7464647629384026,-0.35903375394403103,1
-0.26330419134553507,-2.3650444243458804,1
0.6004784345329905,-1.4142624278474238,1
-3.230204539209013,0.624228206110842,0
3.0645416495074183,1.4262616219705566,1
0.14892128352795894,-1.6183183595332875,1
1.4702536471422065,0.32505263212147445,1
0.11190414691929804,-1.385378714952606,1
1.8197312244241537,-0.5159371017671519,1
1.4122914218153657,0.32441150729857204,1
4.027387716627115,2.0891894474066897,1
2.186028814964267,1.1076126579653198,1
-2.8875857870021178,2.0372645002491128,0
2.756171135984215,0.5141388945262191,1
-2.712464033111041,1.6483203775609996,0
-2.255886475870448,2.908409317395074,0
-0.19926175189492454,-2.3391225352782836,1
3.490511492889598,1.2790704441399638,1
0.10739337397627377,-2.325502662053614,1
0.5860777012662838,-1.7172551207150786,1
1.6820059353632373,0.2372924610760853,1
-0.07778723899419512,0.3218458858765022,1
2.4891632897374647,1.1380008343477916,1
1.707584885019049,1.729319556094476,1
3.572937053853547,2.5238547894622774,1
-0.5416337411203994,-1.6500353342938379,1
-3.5273304992347363,0.31383169343869133,0
0.3297703744003936,-1.8321822223617934,1
-0.7811064610175598,-1.0237850907795263,1
0.6797061635527561,-0.2959318423548736,1
0.9280949146186717,-0.26394566469542036,1
2.8018840729635888,1.0774935623940212,1
2.744725261051084,0.4587596859656341,1
-3.315503730153536,0.6473095350872938,0
3.416483896880277,2.2247829206153176,1
3.605937543733932,2.5091190061726314,1
-2.460291474382188,2.5666283051292327,0
-2.3794735750301172,1.676891106279713,0
0.7440440845502151,-1.0277887173109765,1
1.1689341485990592,1.067333626848689,1
-3.4018200198344077,0.3592239039360723,0
0.1712939830549591,0.3511174644953496,1
-0.5719607086610029,-2.00933284665519,1
-1.1833190962732072,-2.0075279939671398,1
2.7563030950653755,0.8499132903597266,1
-2.826240022205601,0.5079652944743892,0
-0.40415530411101996,-0.73190489489605,1
2.5279028804338384,1.2023278901211492,1
-0.6694785954695098,-1.1003435735269296,1
1.3726823600832845,1.8692052727610033,1
0.8587978061959347,-0.28199924500826334,1
1.599975577095089,1.9122780929078367,1
1.7235115947365018,-0.763325163962385,1
-0.8649519241024531,-0.6882460700521515,1
-2.242808516800221,2.495091859122475,0
0.6299654577148467,-0.05106313882180341,1
-0.5172971774848232,-0.6673226606296458,1
2.287545146239244,0.9209369041276381,1
2.450563548852186,-0.6734840999343998,1
1.474944296952338,1.4737797225361846,1
1.3424388692254672,0.3568647552029546,1
-0.4489099203931055,-2.242474953051148,1
1.9189423025411025,-0.8588562371501713,1
-3.33377248432547,0.17003762762952038,0
-3.285067095027021,1.0611380933002024,0
-0.8171657024040102,-1.933700351619259,1
0.7575117804586954,-2.432393428202225,1
-3.264550956156091,0.6321353883883428,0
-3.3020413926176353,0.18774635617816884,0
0.5025818175706874,-2.77793189625143,1
0.5653167779132516,0.49372450436445314,1
-3.339768746928777,1.2115292738558134,0
2.9891310132871634,1.6135990801900444,1
2.4764737344217553,2.4608306244152067,1
3.4289971511406567,2.0559917582527034,1
-2.1700114616242607,2.105408483808315,0
1.948659989602594,2.076556596848389,1
0.626440891366228,-0.6479587542138172,1
-1.6184924675016612,-1.9444659695277453,1
-0.43694963375088414,-1.0064581397590586,1
-0.5183496576086324,0.08725208639386534,1
-0.7145275750446978,-1.4318758225032693,1
1.8626532951873218,0.3772012669273551,1
-2.0734175880298356,2.4253744703497384,0
-0.1572944898789237,-1.5623539785125822,1
-3.440796745784418,0.6496700069478346,0
1.4603554049768377,0.6003836222503195,1
2.2665585574475657,0.7490010758508163,1
1.9909295582361148,0.1877463439880656,1
2.1781768164864843,2.1712267815731634,1
0.8419934803408053,1.199738763299326,1
-0.42168868265238224,0.27497527620361223,1
3.4221668057546895,2.6981888970349357,1
3.0808456031569267,0.7699064248151506,1
-1.2236026700770202,-1.2610860104178354,1
-0.6113788097853237,-0.28019667469920095,1
-2.519788699257031,2.499077359104374,0
2.796490876599686,0.140913261890524,1
0.7854817841358541,0.6992931280364565,1
-1.0551923803528198,-1.5129116041238202,1
-1.5558446594265247,-1.7929477045295061,1
3.223952651645369,0.71303078329727,1
1.6478079919830722,0.3297658993577338,1
0.022344110814985108,-1.8357472833887511,1
-0.6575850768427178,-1.5652737034962612,1
2.1236739079553284,0.6316177946762225,1
1.140286075465777,-0.04096320726743058,1
-3.1849156884516487,1.1953498725469647,0
-3.3135330729697543,0.5006767821866428,0
1.0745746354116963,-0.8851676895729834,1
0.677962361801885,-0.8223368780203941,1
3.208785841503869,1.0931713831710481,1
3.5822916155707722,1.2644274089279843,1
1.9827875052549897,-0.26805629513936347,1
2.8160606562660746,0.27603257431963224,1
0.04158302624285423,-0.056703509208703096,1
2.420927619920697,2.6720747853545537,1
-3.351873415286026,0.8410749512619726,0
0.23215797327125112,0.21537149051239915,1
3.014773091140493,1.060748455961116,1
1.2058179440620038,0.11156115192879706,1
1.3855620319868929,1.8783256532280113,1
2.9784477882317746,0.8033055240580561,1
0.4710142860976927,-1.7516945510622555,1
-1.8610402096215253,2.9419611419922416,0
-0.07071620162045203,-0.2662353918559235,1
0.09675498927876189,-2.235449920186794,1
1.8824051172303957,-0.23719233041712906,1
-2.5074321402084903,0.857177430637657,0
1.5115079435381469,-1.711642403447101,1
-1.432943410381024,-2.115323856165123,1
1.0840342314200253,0.6997321681472303,1
0.48090298208909155,-2.341190204559021,1
0.12319077713732104,-1.8481093813504867,1
-0.5818908674473326,-2.2333522852534435,1
-0.5542236696430853,-2.1050260437659656,1
-2.889831200566583,2.031645743959979,0
-2.884373866352441,0.7455905162651213,0
-2.8958501136654102,-0.11920165079941103,0
0.4271846846635209,-1.4773778936357158,1
2.4581019769829084,2.361690538753326,1
1.0615856053575399,1.0643613134829435,1
-3.3814912586358057,1.1419924862039907,0
-2.765933250524556,1.4802220710162124,0
-1.7395868948016269,-1.9378200863224735,1
-1.4604195361723034,-1.699729542721145,1
-3.5222145575109662,0.3141757318850096,0
1.2753494414573363,1.3990804969761101,1
-2.4302619903591522,2.606977506343629,0
-0.47645156163223223,-2.0468887952312307,1
-0.7744940090516296,-2.2914229446206997,1
-0.6431969316497183,-0.5283750140252188,1
-1.5417372912850222,-1.8674024138727514,1
1.0961331510611227,1.8830146579836147,1
-2.3196452703900157,2.217350014934839,0
-2.072284566908827,2.5886125999316105,0
-0.39922129876559,-2.301086523922514,1
-2.557865135546799,0.7412087757664128,0
0.6985758760792103,-0.7163013679977475,1
3.455785246829677,0.8782364170086057,1
-2.257940764522391,1.862659320402073,0
-1.2683855091596006,-2.008399647198862,1
0.671822513583048,-1.3693958717539025,1
1.0746942889537892,-0.1507151990142772,1
-0.3532228374334959,-1.7065963175572882,1
1.4163690335946404,1.4981395701378413,1
-0.6653722740253407,-1.3860255280379956,1
2.418378819176603,-0.23673959823382162,1
-0.9233179877673909,-2.176813923200667,1
-1.1653766545539532,-2.0141397392081735,1
-2.0356302845279712,1.7669967198124046,0
-0.8175383257713413,-2.434017616254171,1
-0.8392722711490991,-0.02339976560700885,1
1.1740827805958427,-0.3105252159122738,1
-3.3303768503604134,0.14160847066725513,0
0.7718475944388453,0.5586863914965297,1
-2.678460654978607,1.985332152898685,0
-0.1523952067745317,-2.2031367719691626,1
-2.603838552056317,0.5041491627606773,0
-3.2033839741556744,0.4104307339590067,0
2.476655475426597,2.01036279244901,1
-0.924346513114111,-1.4932361646320864,1
1.6936256416809392,-0.06836587467322058,1
1.3676354097306322,1.775724510333101,1
1.2240775100708803,1.2129093664697814,1
0.768950080655431,-1.031101460641734,1
0.8776895499943111,-1.3880367947373415,1
-3.3271321942149403,0.16565571898268186,0
-1.3675937156909679,-1.6405600758208498,1
0.31212495874510315,-1.0596268832525086,1
0.4589323513230553,0.8922735019752485,1
2.0641441755844436,-0.7137575098766553,1
0.42364390130124663,-0.8867620089027324,1
0.7880917000442221,0.2290564313464688,1
-3.532695640894159,0.3170246895189712,0
0.25912064820307057,-0.9653839447911181,1
-1.8940188171829127,2.062506601155028,0
0.18977227065351096,-1.174005928052537,1
-1.8920540947474191,2.778527562458502,0
1.4800873931257719,-0.3439871549677127,1
1.1378374041195425,1.9163889227171802,1
0.9122193777072998,-1.104692088010532,1
-0.19397425447272143,-0.7848550388423767,1
2.2228736556129944,0.0018674548873899854,1
-3.3787820957244166,1.1410557178215164,0
-2.3469667651696597,2.7090070989452277,0
0.3512080173819039,-1.7529819589161155,1
-1.2514291151721888,-2.210924920335455,1
1.8783452993610996,-1.2642206096849025,1
-2.6859378282942385,0.15391915297885964,0
-2.7282461069749555,1.2952835422234688,0
-0.09634169775159511,-1.7500083686517414,1
1.31732486983959,-0.86013644512169,1
1.594174703461624,1.25918900603166,1
1.3594521636362666,-0.5044970413423768,1
-3.4669857262838026,0.40843911551614004,0
0.2883093350234266,-1.0270294364413066,1
1.6382111809741051,1.3773391239900175,1
0.9662419528951396,-0.5703666133025285,1
-0.13891082199152652,0.04885476729750271,1
1.8151118082933386,0.2517639973262317,1
2.4922284239093964,2.0975096769275656,1
1.3537327759780045,-1.151346137035416,1
3.05445933109925,1.8548913959302629,1
0.47535012219251394,0.45145295832109333,1
-0.3074406873608614,-1.9764761989184598,1
0.6604393440207115,-1.4642898330584644,1
-1.8930840740119828,2.5695803446869068,0
-1.2897746728032204,-1.9490375232630508,1
3.8292920707833464,1.562949675808179,1
3.9651512976628402,2.06529951193016,1
-0.33569279455556844,-2.3137534407008227,1
-2.7014444425547506,2.1230254784022295,0
1.904498971218391,0.7520577587395956,1
-0.47192653793163974,-0.9046807640553869,1
1.8987592666812445,2.030587966313257,1
-0.2054655722388629,-0.5499070452327963,1
3.2264731717154533,-0.7624235689624628,1
0.06402644554552092,-1.4438030789399228,1
1.5464680959836323,-1.7450346752995411,1
-2.415762118331295,2.3249863383534306,0
-3.4958047301323325,0.36011604208390413,0
0.2901767861671205,-1.280479156293568,1
2.3484054598253112,1.7846982669142362,1
-3.5064929324361773,0.3099022954340672,0
0.4763278268749467,-1.3616576035791266,1
-0.4593550691567083,-2.15412929218109,1
1.1841929825752124,1.9328829470108324,1
-2.439178967686322,2.7458991908408303,0
-1.2272244097177336,-1.636329489065072,1
0.26337987594380485,-1.4099645938223646,1
-3.1606731046978256,0.9828318481733147,0
0.5111784110056045,-0.9646618625294956,1
-0.3690022551822382,-0.28386236442751267,1
-3.059157992984349,0.4280676601891972,0
0.8585361663715434,-1.704659679434707,1
-3.519993740866501,0.31183742309491813,0
0.16126922487104697,-1.3297032647945364,1
1.3986091480463352,-0.32134166475411985,1
3.4768024401691853,2.021947717871862,1
-1.297946991670822,-0.9583085139219008,1
0.058123069718543724,-2.2234299278226386,1
2.74543364587641,1.4796142529195462,1
-1.4670409081888063,-2.065636937212238,1
1.584109353733439,1.776468920568002,1
-1.4652803154317797,-1.3480527060285434,1
-0.354171327890148,-0.3718834559358979,1
-1.1171636709912676,-2.027244944324397,1
0.007115700852026424,0.920809231630327,1
2.827735475942871,-0.009874997303810418,1
0.6484060847390397,1.34802106142406,1
0.15674648598080596,-0.29883151351847115,1
0.6190445615159931,0.1950664782661164,1
1.2691455497088169,1.700318873164136,1
0.835568604860758,1.83576024744353,1
1.689233874590903,1.2120208027955202,1
-3.098087042993148,1.22586067160729,0
0.11346718473829329,0.6250969879148979,1
-0.977328827692408,-1.4113760302381622,1
-0.576152046369035,-1.220766467887221,1
0.549994722698834,-0.5397810813446426,1
-2.4531554341669,1.1752409910454085,0
-3.28685213777908,0.6461144714468608,0
2.4914320248428106,0.5137089242033881,1
2.0606468763952783,0.21262519122308726,1
0.8971241774028098,-1.625256256852471,1
-2.2771578369378433,2.0264975223380435,0
0.5957310817927852,0.596648196729507,1
0.06262100500507026,-1.9832294408176363,1
1.9722765770483213,1.6267423119375855,1
-0.76197926418607,-0.9149931198915218,1
3.254728046030581,1.9902457293902818,1
2.0138547774436373,-0.3239636576592384,1
-0.6375321554160865,-2.485688350349836,1
2.6309390899097407,0.820361552327905,1
2.853812612386708,1.4061780685548406,1
-2.178404364392654,1.9118716608841204,0
-1.0489022682337905,0.0636952378540232,1
-2.970879727145803,0.010124123057708045,0
0.5968775314523503,-1.3819742445964864,1
-0.1098808896583853,-1.958313353941366,1
2.404732035816757,1.3972403500962904,1
1.8047989085184988,-0.4943290453526623,1
2.170946243243812,1.4695722740695882,1
2.91786064664197,0.7587676859382777,1
1.1503690383244922,1.2094300345302247,1
2.316672214047751,0.22946307767930113,1
-0.540783707990216,-1.3274623412187705,1
-1.8287110447376713,2.1483955716153638,0
0.6376406508753312,-0.7233861127584997,1
1.11143549708342,-1.967508383290356,1
-2.8401035088284563,1.15234895567631,0
1.8006354183952806,1.0581614687008452,1
-0.20906001644333014,-0.17606900815511528,1
2.492229460881464,1.085849225859387,1
-2.313997923957762,2.225307491398571,0
1.3963899144707423,2.1570838038264117,1
1.394831635412734,-0.39994179581050093,1
0.1481402374036069,-2.7061238968135974,1
2.6039721813407293,0.22999988074613267,1
1.0118497894842937,1.6588123764278193,1
-1.6436470676213235,-1.9376284712062368,1
0.7758034963003032,0.04664610527426677,1
-2.705713213147311,1.8144638890632876,0
2.7428359669616804,-0.18802638360186785,1
3.1662377107939843,1.743422236445821,1
-3.1073083597843993,1.4203538469475065,0
-1.3126894037309744,-1.431410374575323,1
0.10409174764699688,-2.2374441905305673,1
-3.1652824047573374,1.4406762244508091,0
1.8626846190633237,1.6684723775605361,1
-1.2574109655029737,-0.21245194847790827,1
2.721662569649738,2.3077941202627983,1
2.412059984304485,2.66242885241316,1
3.674722933645205,2.5408240666782023,1
1.5395410226149229,1.2237916888541616,1
-3.116906246973094,0.37301833441205534,0
-0.5595732114812002,-1.5315466707751628,1
-2.3364447993107014,2.3836749172041665,0
2.601714742895036,0.743441124639906,1
2.0918613492223743,1.9093249258835716,1
-1.271408472190729,-1.8815300070766385,1
1.9848875586734207,1.2141551387338596,1
1.564241606090438,2.2959421141862615,1
-3.017362630168923,1.2653175461221817,0
2.1174424955998288,1.593322423402022,1
0.5148944188463646,-1.8416642681573787,1
0.4132277744901749,-1.9647259208674117,1
1.0540299342620025,-1.2682187253763781,1
-0.20801814472283744,-1.4857231143893241,1
0.09812043700276687,0.7243472233518408,1
-3.2627101835437338,0.23279058489113638,0
1.6853605570753107,0.36664472815145954,1
-2.8133514970327798,0.8573639974566122,0
2.788626449064771,1.7951023247395301,1
2.2527783508614077,1.1898619670113642,1
-2.4368505323972407,2.5397480442080655,0
0.5339504703153264,-0.04637822320052826,1
1.8630782069252263,0.6220368490263802,1
-1.239041494857372,-1.7919530697769783,1
0.8454435580570505,-0.8430371481537269,1
0.5255039231312874,1.1799459668037446,1
0.8130325197941624,0.785772543209966,1
-0.13515066196863298,-0.9024973977779573,1
1.0388271265663627,-0.9702492555752424,1
-2.6268105118693947,0.8250687875461611,0
-0.11585584787222711,-1.7899155987805537,1
3.280973614933472,1.5531624627347784,1
-0.3763736259547157,0.5689207098188647,1
-3.3387617170669674,0.1438876367744245,0
0.5071947749456341,-2.379268471135238,1
2.2211783606532545,-0.5030610993372682,1
1.0416415559937378,0.13904236396746278,1
2.585279226624032,1.0249087767134595,1
0.9628541190967832,-0.04639638302632826,1
2.388547632103926,0.6801112767767526,1
1.156919694795188,-1.4551126966069747,1
-1.8207797652511712,-1.9931439338872714,1
1.6419745524070213,0.5838111899389338,1
1.1743737395897431,-0.6789867510974528,1
3.6550092893023063,2.286286311101061,1
2.4159535357104267,0.739016238107002,1
0.6173031364870845,-1.1627580297039566,1
1.9799731418374182,0.3231205007518197,1
-3.542818860071379,0.34392129807680183,0
0.7125132193715938,-1.3073440265300336,1
0.4965109103220815,-1.2691855854303113,1
2.5588671784348507,1.239664208945911,1
1.6661505458259442,2.1030450360708817,1
1.32820869696928,-2.1307353262594697,1
-0.8336784640574754,-2.0604892439292417,1
-0.14785690127017487,-0.6148558053743636,1
-3.433838391820872,0.689059982378273,0
3.384996931080004,1.5250868765762506,1
0.1075636358322852,-2.425992430333949,1
0.8284119284772069,-1.7135758718200589,1
3.214407682520746,1.867954960046574,1
-3.1802811562622217,0.9398010784287104,0
-1.5976917246991373,2.8800228809343578,0
0.20276946288628536,-2.613661907192893,1
0.38814988035576603,-1.8130542743380254,1
1.5104346751383215,1.8166456606999595,1
0.6642346650766179,-1.3995118769394057,1
1.2046045404576358,-0.3496520864020327,1
-1.963887742426569,2.4336453690473934,0
-3.345288368759017,0.573085411516433,0
0.2313826047925743,-1.7019045874441634,1
1.8121753495335817,1.247575593150263,1
0.5019284952758355,-1.636069733755547,1
0.4359841898246851,0.6292137382444825,1
0.3051233200494067,-2.605064248494654,1
0.08106887909919722,-1.662638276038113,1
2.963552113923051,1.7934610528252377,1
0.723737656342249,-0.20647293122728017,1
-0.2395776047029044,-1.4325628259592353,1
0.41375945874001985,-0.18550237346067888,1
-2.2363104859128398,2.73458303290183,0
0.5909006153107742,-2.6750600175019934,1
-1.2786283833621064,-0.91953883627538,1
0.6149657232114539,-2.3871173119698463,1
6.235058991743662,-1.7395809556448807,1
-0.06590424159732938,-2.042620984344775,1
3.175843191597221,1.647843661056384,1
-3.3032688325220407,0.6439285444691075,0
-3.002158977154792,1.4303319896097673,0
-1.438747700993443,-1.268039806391078,1
0.34539945886513157,-1.4087468539187968,1
1.477717967855433,2.271406567263784,1
2.486856300964905,0.8498851608884906,1
-0.44093151471099645,-2.0141508914928807,1
-3.2000600092859943,0.698825987175866,0
1.5530875536582183,-0.8576836361779268,1
2.037199875720668,-1.215739053488961,1
-2.7314160761719926,2.0883814180568434,0
-1.2435254028947693,-2.357733364067676,1
-0.4675050729322415,-1.885525701479653,1
-0.9011425866596585,-0.8445941082442789,1
-0.683018047569967,-0.9515286332909263,1
1.109279905402361,-1.4650198149579894,1
-1.4042858572900596,-1.6171427971721921,1
-1.7772881388252173,3.026630681123991,0
-1.0242600815246847,-1.5460543170695065,1
0.5656128089572332,-0.01719187946322498,1
0.8971449618202512,-0.6432190766630415,1
-1.1127501990384263,-1.578330921316328,1
-3.0353484110538154,0.8375502376582846,0
-0.29773360128413645,-1.5038183078098923,1
1.4560853634897364,0.711454994174752,1
-1.432943410381024,-2.115323856165123,1
0.7808788817627862,-1.580563002977584,1
-3.3307323826546003,0.31050485145222273,0
-3.5056155382423118,0.5700659374225772,0
1.4536606525166547,1.8366731028624987,1
0.48073825596320474,-2.1627356175641443,1
-0.06037054273942913,-2.0740527364244117,1
1.9194205910642685,0.27734528353224075,1
0.8488196056598292,1.1258396193660039,1
-0.20097774369226287,-1.0385947806244369,1
1.4043433280011124,1.4173008810462944,1
3.132260715657672,1.5090211656644736,1
-0.6301953970478515,-2.487682620693609,1
-0.14814625711536097,-1.9638520634893228,1
3.269234354348709,0.5839710107061076,1
-0.1989893719567466,0.200480274802812,1
-2.9392949313674746,0.6409568205954717,0
-2.807038831697055,2.1579135576972237,0
-0.4079460017055725,-0.6428543230066652,1
0.1355676991430674,-2.331426330402011,1
-1.8297267436269904,3.038360541528978,0
1.2714933824895789,-1.1753724415433588,1
-1.3119825817371187,-1.5910389414962682,1
-3.4103294865087883,0.36327158730654063,0
-3.1820238430012875,1.145208572169512,0
-2.7891555601822295,1.9465956854957196,0
1.1374951556154913,0.8417750867179346,1
-2.1089575202391506,2.2226862067786533,0
-2.5582420313349816,1.8300184085879352,0
-2.7508663122985277,1.53297796459894,0
-3.171081724383465,1.0804950944709937,0
0.7814379878466954,-0.4960625878719579,1
0.16490239356489864,-1.2658554469132033,1
0.9918342148572785,-2.5498376545510237,1
-2.1633100399749177,2.7505207831814458,0
-0.6080209494770533,-1.5572220995742567,1
0.5048727300634773,-1.8012230150695752,1
0.8487751166098065,-1.812303105881366,1
-0.6052274141472854,-1.7582287390495983,1
-2.9213393095353926,1.6010240933859305,0
-3.2300226358839366,0.7872775859326409,0
2.514918366663797,-0.06474425456908972,1
0.7216809163101097,-1.4996822911972865,1
-0.8502013376100036,-2.2744830021967717,1
1.5817016364302545,-0.17544677320469537,1
-2.3063669231818884,0.6545146508594408,0
-1.262368213824786,-1.8207662128504984,1
0.9051857478206611,2.0844636636444758,1
0.4499849810490698,-1.5163336620994956,1
-1.2932941473276072,-1.8773157133086187,1
-0.5168842844196734,-0.7399508415880729,1
-0.7733509026906107,-0.6414080464607446,1
1.9453339419384028,1.9560052641901915,1
-1.8271005134224616,2.0828448093558136,0
-1.0683261526781558,-1.7071501783401302,1
-3.0148433460007458,0.6643957896212276,0
-0.4667774767446784,-0.09731866988102178,1
-0.6765528118426682,-0.09455251422925964,1
0.39488251623836035,-2.461054683978288,1
1.6819242127992673,-0.8469117991013735,1
0.09862407081628574,-1.2282156993807454,1
3.224659623974969,1.3346511852943532,1
1.3016735444574945,-2.166926417526677,1
1.664893372722176,0.44170350553428717,1
0.7982272074556558,-1.0166130134006939,1
0.3730120628982745,-1.6147054221370798,1
0.6468623789610941,-0.28232702249742214,1
0.3896184488156811,-0.034453212639104946,1
0.8429839443977978,-2.198363390657734,1
-1.965995339664264,2.581500472895752,0
1.8021201962309104,2.075342720415726,1
-2.0729882634285666,2.377746634889668,0
3.477758292358274,2.377425003489261,1
-0.6297997482527433,-1.1713575817070212,1
1.3804124325878164,0.015842777833292965,1
0.7655826646574807,-0.5621670782115453,1
0.6546976182135117,-1.8759178500997304,1
-2.96490220994359,1.076497477011483,0
-0.3618548197417984,-1.4307586108179908,1
0.22495102228679362,-0.8323625247106929,1
-1.0531134074839967,-0.8877649966940326,1
1.9809139994215295,0.1940568895062889,1
1.0103677002818912,0.9259670199789876,1
-1.2599082932650465,-1.8066550479760157,1
-2.884884811644873,1.1220220630376292,0
-3.5252342825580976,0.31326190191189895,0
-0.3448037453903855,-1.6934634142490168,1
-0.9270753078519264,-0.9696569051840722,1
1.0945598329946786,0.2379238722392027,1
-1.1496272720611804,-1.528828749169571,1
1.701252869565904,-0.3958610002939582,1
-2.99315429947058,1.4458252646188265,0
-0.13649998920593076,-2.237404927119947,1
-0.045828971394877405,-1.6782304425689136,1
0.20994510030173127,-1.5216660522214138,1
0.8172401295656953,-1.3412438629733459,1
-2.718449867802599,1.5822548886960812,0
3.905852124070113,1.365233106982127,1
-0.5358206909019749,-0.4365048377813696,1
-0.7433725921901262,-0.996214555732674,1
-1.0124329784909332,-0.7675602039720075,1
0.8653721266904328,-1.1362739347878654,1
-2.669823851559659,2.1138118014992124,0
0.7714376771981699,-0.8126327285118868,1
2.177348398946754,0.18424977981591634,1
-0.5676167477214786,-1.035597686475699,1
-0.7964244860045722,-2.0935453814236475,1
-1.141335325232918,-1.8136761834151924,1
-0.17860942608310865,-0.02275217729870649,1
0.823620562591105,-1.5462080157850315,1
-3.5002042824062616,0.3081929208536902,0
2.2210463958678055,0.8215457102840198,1
-1.8184560016776292,2.428940831690246,0
2.381985015300025,0.41766567794119314,1
1.8239967734045972,-0.18206800905092724,1
-0.5078110754861164,-1.9389572067637926,1
-2.7180919464301567,1.354702768081674,0
2.5047500326520793,-0.545589629031902,1
3.6901807376584177,-0.4452964079293419,1
-0.1908981032078888,-2.3402095505610743,1
-2.5263804949087834,2.3659225450423715,0
0.2476228655604595,-2.3225786537964686,1
0.598755292855558,-1.978207959519748,1
0.6896132223080393,-0.5697078318908166,1
1.610647788566167,-1.3796991140654644,1
0.05523452447243546,-1.7793127036886216,1
2.433819252840666,1.0308411892460287,1
0.5454336854435049,-0.12122282945738228,1
0.9387010211045801,1.8346592229335874,1
2.669942899703161,1.9668833956597462,1
0.7130240282851819,0.7621346025125413,1
-0.2497561329804111,-2.367057898344365,1
0.017353000787402817,-0.4629193353137757,1
0.8991202401929153,-0.6316711844399272,1
2.0029305649979237,1.4673722320883933,1
-0.776133670112412,-1.2214109558847304,1
-2.6730817607349473,0.5853772625912325,0
-2.9998584726026167,1.0968334876396848,0
-0.8701767964572545,-1.1262306031353433,1
2.583865716534653,0.9766083325511827,1
-2.6951094621090785,1.4312925376279249,0
0.10241405442674731,-1.832103023228819,1
2.3319342438332904,1.012941206625279,1
-1.8327217931103206,2.755527244682025,0
-1.9376823611159557,2.4870477288278567,0
-0.3100720595387439,-0.5238984895513783,1
-0.14847269952408415,0.8983844155330065,1
0.28875687461289556,-1.3398717474351307,1
2.5268714515393165,1.6308068611156743,1
0.9365483363332596,-0.5857625990605806,1
1.6569775906586421,-0.4145636233900831,1
0.03645750211019802,-0.23416078378577732,1
-2.2262655232593356,1.247502891923977,0
1.743855274044084,0.2629452807738397,1
2.31167495944012,0.6277325626633816,1
1.0389490042830773,2.1281619839884174,1
-0.32666666796846483,-1.5250330758704544,1
1.5663758408610275,0.8908936081063847,1
-0.5050630169162309,-0.9051726013539652,1
-0.04286532944762578,0.13499639248353174,1
-0.9212741960754541,-1.5367559261456918,1
2.632155108988671,-0.5335133635110099,1
-0.5722078547682946,-1.74302135001352,1
-0.07291331880417098,0.2867293558950888,1
-2.8305358916308543,0.6101706870109335,0
1.6845318248527412,-1.065107811591931,1
-2.725455424879303,1.7061738208244888,0
-0.039896643162442735,-0.9951164073493508,1
1.587526097736408,-1.3281340923892935,1
-3.5260027176469,0.5492198927242286,0
0.291961812389255,-0.5811434796630446,1
4.0274896467754004,1.8686506132297116,1
-2.3575076989120767,2.7386057088961704,0
-2.356684844937361,2.886156348685781,0
-0.14565176351194314,-0.8736598866459508,1
-2.8170479309453444,0.762838184191448,0
0.6125421078381733,0.38861243094634457,1
-3.3106922957385754,0.47564485174472443,0
0.4066204902835845,-1.894847240101039,1
-0.4018557924759183,-0.8770653027276412,1
-1.2553047190129711,-2.039741989532456,1
0.3596249207294392,-0.8088765313583746,1
-1.125236896307101,-0.31037620067752003,1
-0.540563000311813,-2.0398960170949647,1
0.5231509114801866,-2.17096202547288,1
0.6089282658362736,-0.9630671231175449,1
-0.3005195503605125,-0.7592326364389939,1
-3.4018145239165807,0.16720913734209342,0
-1.15090715386325,-1.6426499049001335,1
0.6165584845041303,0.619645253140902,1
-2.019739767796289,2.2226967025575926,0
1.7059947233556612,1.861587220033685,1
-2.733703967482812,1.9731913862352255,0
2.8798506482921353,0.5679400126888112,1
2.1634989774005047,0.6203516799015054,1
0.27344475819394976,-2.472725966094057,1
1.4289035964575563,-1.4026453666215668,1
-1.570075103612897,-1.5926095513262004,1
1.288280542171852,1.1684969825563027,1
0.5760970039655667,-1.5412233192858142,1
2.5550082832331698,1.572954679965977,1
-3.003091583853131,1.2480598251489528,0
-0.7401134440851623,-1.8672505735823033,1
-0.3862151033808057,-1.0129861687437685,1
-3.390722180712186,1.117437037257674,0
0.8511599621695887,0.3495554938108497,1
3.5642833105676384,2.305259161157222,1
2.1539179491956184,0.6004044341565886,1
2.09062739152172,-0.8514696671838982,1
-3.2027646583656195,-0.005583876956134826,0
-0.5601884642956743,-1.1666918628573404,1
0.14633802414462146,-1.624380301299802,1
1.1752407067071227,-1.1190628511767824,1
1.0057206242051633,0.704205635431408,1
0.9306200147940464,-1.2620055424139556,1
2.109626701605946,-0.5897694647746949,1
-0.3553985442929656,-0.3117525846632514,1
0.0734222087844579,-1.5649259451384387,1
0.6343539308008197,0.18431442432842834,1
1.8555891816079126,0.3862281942308593,1
0.4188312616132782,-0.6783900919617658,1
-0.5687905557004233,-2.100051349385122,1
0.7568598274260601,0.7277067695257499,1
3.1664631378974795,0.8840810652805787,1
1.5340124246900222,-0.2324692867581002,1
-0.1829904847237378,-1.69620713330495,1
1.9532464379837602,-0.10418186956474329,1
0.6823335848701484,0.8944302366968417,1
0.46262092133280974,-1.8870995714370356,1
0.6661840345120906,0.6819997011602938,1
-0.9754899882758877,-1.5144702887461838,1
0.21650395064654235,-1.532987730834876,1
1.9909725360156807,1.7542434581156507,1
-2.8890674729905075,0.8021471375657023,0
-2.5444057008843672,1.5880316689597933,0
0.19254670193159626,-1.246219411846218,1
1.9063019205678098,0.07244393818304723,1
-0.8774415794180933,-1.738924732246668,1
1.9038034287522592,0.5475928871934338,1
-2.1743508248494843,2.2233404162058292,0
-1.4682666046773718,-0.8938292296690038,1
-0.26754127338534517,-2.44764993733619,1
-0.5995519029178217,-2.4252105895552516,1
-0.3374625279941127,-1.1016453118589513,1
-0.25067964135090404,-2.3685415198442685,1
2.096920230667411,0.7038680509925033,1
-0.1841297539494328,-1.5053912847765962,1
-0.07168238824262962,-1.0663850817286593,1
-0.462819859622839,-2.3019964518908616,1
-2.2415795417914897,2.8884093808578286,0
0.548009390110897,-1.5378037355394822,1
-0.08961987690567802,-1.8196943092542823,1
-2.472418021894999,2.5347642509841286,0
-1.787169815563327,2.30201633438755,0
0.9813006153550836,-1.1213522992586418,1
1.3372476394661745,0.5926890283956316,1
-0.27212899397977175,-1.0082509025288775,1
-1.680477036308467,-1.8148194047191857,1
0.8680506198268272,1.774740988378907,1
-0.23727792369990874,-2.4201073959522086,1
-1.3389431910099079,-1.6307206067924316,1
-0.32777715227903614,-0.9703911067389617,1
-1.7500675178722194,2.841234819401229,0
0.9831474767505086,-0.08413392169085115,1
2.011865734304033,0.14874735698223568,1
1.4256040160388521,1.6223356598246157,1
1.3958372195341324,0.0936682892095676,1
-0.3329861979821849,-0.7091224435636201,1
0.43087297556794757,-0.6466210084717341,1
-1.8313955879932413,2.992601050810291,0
2.2895901590493204,0.9218992894513001,1
2.8297331647816106,0.7926592986778572,1
-0.1777125228185992,-2.3945795450150325,1
-3.3009393158655382,0.916651940502497,0
1.3136732812706633,-2.1330906887469343,1
-0.6624673335334135,-1.1726180011661738,1
-2.970605136415779,0.7144224028480294,0
0.05165283676945717,-0.8338001230861785,1
-1.2640614987997103,-0.9747749476146392,1
-1.4845916254769518,-2.093367691731512,1
-3.20882546116889,0.6918518933901212,0
1.248208530508627,-1.6637878674445812,1
2.2558323621402994,0.3259145090424793,1
0.685323836472391,-0.06337512139614015,1
0.3438981033672993,-1.5680538122099883,1
-1.630021659223173,-1.9413321161303871,1
2.432447678447067,1.3340585883152887,1
-0.5867150758396514,-2.1110290031155996,1
-3.3946023655161723,0.16698338426161952,0
-0.14129226175507947,-2.165912000571963,1
1.902381181720928,0.5644608563527952,1
-1.4614825206962327,-1.8936671079436254,1
2.332581422891993,2.2154967126173233,1
-0.2480296199011822,-0.8575051454872107,1
-2.752604486074776,1.8437910481318887,0
1.862381804698966,-0.22415350569563375,1
-1.2380533416469235,-1.8660003829663188,1
-0.12735175792914297,-1.716329326952855,1
-0.7300001058819848,-1.4740134673611083,1
2.662851762641131,0.18768943442835467,1
2.3736388461705156,1.4994094318962672,1
2.002481583969158,0.35047199409391533,1
0.30428125823881347,-2.5602795256066475,1
1.7420382297377364,1.4999538883021097,1
3.0184568491393082,1.2078785607338778,1
3.1109172407210597,2.3183766077811345,1
-1.9333499268161494,2.835055455834702,0
0.548115317590903,0.7096491002309199,1
-3.3981677569014734,0.8987832243943469,0
2.0224269981243537,-0.3294341953226141,1
2.6852855894563215,1.3603904465841306,1
0.11469401978444757,1.0503793456740782,1
3.085853048073648,1.316278259304728,1
-2.055717628259829,2.7725644068118784,0
0.3278655002007608,1.0188929534481719,1
-2.6887098604846704,1.3431582530020794,0
4.026608734136852,1.8657213220305475,1
-2.6773832701732956,1.3306465311932407,0
-0.7594465493086919,-1.8485614717251035,1
3.1871026766420525,1.5357094502750812,1
-2.5240634288590633,2.606163466500053,0
0.8053959675074633,-2.2084430897570924,1
-0.3897582396824675,-0.8403502745012401,1
1.9881578804951425,0.056434044977720754,1
-2.5589528043310614,2.2343032260677425,0
0.9853552622242934,1.2875995322997134,1
2.5381271836317456,1.6737002470628375,1
-0.3691320469873462,-1.5851763006987194,1
1.8288305899638762,1.5409911278109865,1
3.317328826169314,2.0627492045714164,1
-1.3965712427135744,-1.954063429771951,1
1.9594528265357598,1.8482425225967791,1
0.4341312981280562,-1.8313957630541515,1
-0.3019994591438584,-2.1605469557141346,1
0.0518746929516852,0.42555435725739066,1
-1.0120707474956154,-1.714863817357175,1
3.460006726855358,2.024070860987216,1
0.6683166365527398,1.4638587513622174,1
1.0645854068944467,1.1916501901045151,1
-2.2536956808385935,2.8886495811135298,0
1.003413244245738,-1.8324729424473172,1
-0.15616586429190898,-0.9138021130593221,1
3.29153713322837,2.020790592980015,1
0.5404183534029952,0.36920071289833,1
0.8767382609960963,-2.285092356677249,1
0.5816923788586589,-1.7624167004039886,1
1.5846303264371262,-0.7992754886617481,1
0.11672683505952883,0.549640147671045,1
0.9442250811694237,0.38968972995041556,1
2.5911485832258836,0.46476698224441815,1
1.4866876582493715,0.33457069678676643,1
-3.1054030868363665,1.5107317626578471,0
-3.2458959088061796,0.2859155842873785,0
-3.110424305394967,0.39828915359478917,0
-0.3636572379413181,-1.4613953379201898,1
-3.3779184239626794,0.3596094801724415,0
1.0257198370032943,0.5303404045692672,1
0.8877736108768337,1.4581492939885445,1
-2.9753399045865523,0.6744924653657407,0
-1.60663553639727,2.6345024154938703,0
-3.3822646299151824,0.8668390369726967,0
-0.2572813035723681,-2.9340309697437545,1
0.19898913851730224,0.8337202724493405,1
2.5775392612133796,0.8832686921989469,1
-0.5708659073469221,-0.7050661715418738,1
-2.1777325532619183,2.7536841918495107,0
-0.401322918897161,-0.37902759632031446,1
-1.7659872251402857,-2.0159547856110707,1
-1.9418884805226737,2.495920484526781,0
-0.5966080962612909,0.05719232854173939,1
-1.2435752645331297,-2.6137097760526258,1
-1.4117691697914547,-2.087531865814043,1
-0.1548147778863528,-1.1935711923968864,1
-2.9057341387147755,1.5013071858772413,0
-3.520118340834328,0.3136059403582173,0
3.0453114173561313,1.095020710470952,1
5.920444934902441,-1.4983426870142758,1
-0.9459789990847898,-1.6681682835083183,1
-3.3738716408388387,0.9101519438146347,0
1.4094154808939148,1.4532582798935725,1
-2.9941693433616843,1.221040474072626,0
2.601847499772324,0.8327347199390656,1
0.7352791449750518,-1.153575069951097,1
-3.0233215735481793,1.002470990668569,0
0.12855252786667967,-1.7981253545823157,1
0.4425556877047706,-0.023468828567253464,1
0.9921733346689148,1.4775254754528557,1
-2.9354134431974566,0.7141569781153777,0
1.1798290495711343,2.2168576098386596,1
-2.087641176363846,2.3351986548053043,0
0.704874630202568,-1.4916006721198332,1
-3.0854361624726896,0.1818092887838795,0
-0.10907897284986301,-1.998723438029082,1
2.6390502977525,0.6886934490769886,1
-0.7076254775210388,-1.888965725788601,1
0.7272333139366314,-1.9232225633904192,1
1.234816477561932,-2.230424879662028,1
-0.17892533384145098,-1.9610099252699493,1
-0.6094912775870863,-2.387868965307127,1
2.467317490047382,2.4340634184690386,1
1.4403007169245612,1.8772084453207587,1
0.14777733616905372,0.19755579454630984,1
0.44861771658250904,-1.7551861684615249,1
2.0467168076557756,-0.4674841698354091,1
1.114261543845445,0.4679638312978689,1
-0.006574744721356995,-0.6753609963627334,1
-2.775092405544227,1.2348344877369473,0
0.10848444375860308,-2.809417706706965,1
0.6317005763278662,-0.9411184721354731,1
-3.5529863977001246,0.5276184091758573,0
1.3067319387444027,1.4606307916776848,1
-2.4902185861487656,2.014358197736251,0
-0.3531524500527459,-1.1878133747168758,1
1.9527756796883204,2.4260545757515746,1
1.1103226679977622,0.537643312007478,1
0.399955422541726,1.276991198615267,1
2.3513606768994064,1.3606256158712824,1
-0.9436400180818696,-2.1336302373824987,1
-2.3066385060943997,2.2515670325681194,0
-0.9624720491017899,-2.0268242515958868,1
-0.002406789302657558,-1.5633326890731476,1
1.9955652913434225,0.8056666047817418,1
1.9794568689236958,1.636612999308279,1
-1.8354661391791398,3.034516269845875,0
-0.4206507183621195,-0.889567526574782,1
1.9674013029668609,-0.9060122613199766,1
1.2092637964851307,2.0211502322522,1
1.0351220773071328,-0.8041012184589695,1
-2.8085711169003083,1.9167134464707438,0
-3.510560765821628,0.30927336122435267,0
3.1361379319478027,1.544221394782453,1
1.126615978957542,0.11935919685322877,1
2.5666239754070075,0.7572275647270788,1
-0.04378107562820516,-1.8191935692933354,1
0.5754176755316985,-1.205678370777424,1
-3.1864016995093243,1.4224037317373952,0
-3.524210661854706,0.5748206028046321,0
1.0331336726918194,-1.941720205595392,1
-1.0240903653284756,-1.3934689564740652,1
-0.36939325780007415,-1.8062920990885272,1
-2.5017785949026625,1.6597943124794097,0
-0.4225705887268978,-2.2868225451006,1
-1.8035227653748658,2.464908661145156,0
-1.0002715405419398,-0.558233291583546,1
3.095878296342401,1.584788669624998,1
1.663911367739818,0.02333037210937322,1
0.8173217649413671,-2.5978493617362806,1
1.7649542861813787,-1.050048171236611,1
0.46377581020135217,-1.3911085010956448,1
2.1791900035931993,1.9838155128809136,1
1.2988938902485385,-0.48431877256997957,1
2.403520938193416,0.9826456798283671,1
0.8038307707027406,1.3216329333230654,1
-0.4132206685575088,-1.8226319149167711,1
2.308398637354515,0.8585869977499361,1
-2.3172676364919704,2.522254110986634,0
2.5559616145897324,0.37246137541352464,1
0.6427705242235583,-2.3012516327169594,1
3.4653154895515437,2.431679908692401,1
1.2427716980152652,-1.200847164160217,1
-2.8116308624774273,1.9481318761592405,0
0.07146541446402663,-0.907018853657078,1
2.9060038857974226,1.0483321856990733,1
0.7992469337210306,-1.1832601884176663,1
-0.9353403363554885,-2.2244777907748667,1
-2.344866549661351,2.3438314039398813,0
-2.6332605236888784,1.2566586215087487,0
0.7206820426121823,0.22006189319961686,1
-2.8799371515277965,1.1668735998084399,0
-0.3475783850195951,-0.7574561022287047,1
0.7572453699013049,-1.4097903595775128,1
3.542395944866718,0.8811525751643325,1
0.4089069211069081,-2.073299052107738,1
-0.7745702446635929,-1.1729975166017592,1
-0.36790130456447767,-0.47023846060324526,1
0.03200751419421957,-2.3774691391007274,1
-3.171092360207404,1.3306383402477662,0
2.783138322591465,0.33722594168476355,1
1.954150302503458,1.0098620785048749,1
-0.9370168245053546,-1.29696067341317,1
2.1095182626371227,0.8121581123409547,1
1.0272871822136407,-1.116018887370451,1
-0.9703046098979237,-2.0098955304304345,1
-0.25291987146048256,-1.5242787543090137,1
-3.0403053955386476,0.6815596796257188,0
-2.9658846815572204,0.03338192628062031,0
-3.1621906673515414,0.798276108008747,0
-0.18471628079890806,-0.7800517854407389,1
0.589782871718514,-0.49072157426611995,1
1.183250884715595,-0.9785652891483694,1
-2.800234497679349,1.2963316967423624,0
2.0540951337874285,0.7820316681441821,1
1.212412938082309,-1.1867516701187124,1
2.3657216079305363,0.3600122964268504,1
-3.3715439820731494,0.16071567746690396,0
2.3338823939788713,0.7208068654302804,1
0.2666638560058203,-1.8685520706382421,1
0.9550455269250075,-0.45636565118711314,1
-2.8590730579620316,1.7251374518487796,0
-0.7256355133985809,-2.230221725684938,1
-0.8428129884134318,-1.0837426194151778,1
-0.550931156207894,-1.4158892690779834,1
-0.898515747131669,-1.226784169854562,1
0.38941126043650065,-0.5524699326987401,1
2.139399833642374,0.7495389171319897,1
1.39074197549678,-0.3251903122014448,1
-3.4302415318009736,0.48047175525766483,0
1.0116947985703222,-0.4350522770838279,1
0.05050260668356424,-1.3831151355399178,1
1.3634954944880433,-1.1479724922672911,1
1.9365614393283301,0.35008435968412543,1
3.207748930288861,1.3148932188756035,1
-3.5126535457534884,0.33873537447191227,0
2.8445328996696158,1.235415738631778,1
2.1337112137888936,-0.2997794767738502,1
0.25422293560453,-0.14880650415966457,1
-0.8938491222403724,-0.06860488746464322,1
1.5779109097319988,2.299000736344929,1
1.0881380498768045,-2.0471546431391388,1
0.8516007308210622,1.1139590672387758,1
3.200098092456099,0.959875125550409,1
1.4839861333305828,-1.9256874011326648,1
-0.9813343496034002,-1.567875076378152,1
2.6826440774708566,0.5441905497472231,1
-1.481945040327022,-1.7096143750848252,1
-0.42095145945781764,0.04096193976313889,1
1.9939874892066924,0.7116431347105079,1
-3.5273304992347363,0.31383169343869133,0
1.1903571173746827,-1.9329286447274612,1
-0.10862974785399171,-1.4933261402195614,1
-3.1072820731564628,1.10902046383348,0
1.9765168816423204,1.002219910320652,1
-3.1636363654599005,0.0392907961137694,0
1.0487046248982885,0.26360358787278215,1
0.3065202633039408,-2.2826360244084425,1
2.8371957294950456,0.1377179393154272,1
-0.39912882343324724,-0.6507813009540886,1
-3.3012093057879452,1.0306798499396446,0
0.3594200017533058,-0.022199725548624205,1
2.5225072792243863,-0.32717690763349405,1
-0.1982962456861687,-1.970664558153853,1
0.10944065347558915,-2.893369352176621,1
1.0235459147914918,1.4027156549771076,1
-2.5980809844016086,2.042752896170871,0
1.2310476754035617,-0.9227160474701905,1
0.03681389009959307,-1.7522841520058758,1
1.9187644334107163,2.191998893607953,1
-2.102688580411852,2.6750734308407975,0
0.5541779132501184,-1.4088562632747268,1
-1.3711874565279236,-2.4665174284292357,1
-2.4814297346372842,2.4684112721787623,0
0.7826762126042445,-0.05373908842080305,1
0.8174907679180565,-1.1951646228061683,1
2.3924613668948003,0.5616304793851815,1
-3.338983861888172,0.45295914593016207,0
-0.999611206558545,-1.5389619781708106,1
-3.202358899716675,0.4647105828225722,0
0.3877532152180917,0.31150728269953104,1
0.2256854500857823,-0.3879580867240804,1
-1.5371439034360008,-1.742750282786278,1
3.002092955363762,0.9904465438651897,1
-3.312010981396611,0.934762561609117,0
0.20958547312167972,-1.7913054314529813,1
-2.1846435954069783,2.9616948105987437,0
-0.5090955239785259,-1.6230404889465997,1
-2.4325177337268795,2.428479101460255,0
0.031662414627830954,-0.9945498623574549,1
-2.1936612743059944,1.342322322468767,0
-3.2120990279554547,0.6737138537724784,0
-0.26844617757635136,-1.6781685989742563,1
-2.2442567552713877,2.894921330146922,0
-0.0210599343864393,-1.3376572338142105,1
1.646341301706275,2.095474899866229,1
2.1154519719618947,1.7125355175113106,1
0.7267998116032917,-1.5697416100180313,1
-1.1822812036373083,-1.2914434177563476,1
1.4466468681634446,0.6369910005244568,1
-2.3092614922997923,2.4737774705617714,0
-2.4542623927294094,1.4845581066210234,0
-0.6149683009406729,-1.9213119663455598,1
-0.529197219459138,-0.7938962174103181,1
2.81489026546086,1.1105890502820617,1
-2.498247627884203,2.1786578482566745,0
3.0870650654937077,1.0949530359601363,1
0.4781564303643938,-0.6589250353818286,1
-1.429799085366066,-2.1161785434553115,1
0.5716308082448318,-2.2278604069689956,1
-2.765613930133569,1.2996423432769753,0
0.8678967590224458,0.7466696586669912,1
0.8162352642570008,-0.09949738195692831,1
-3.141682520114421,0.9015379042512791,0
2.482041006850268,1.1291556686416997,1
-0.06225341455448316,-1.7413988819763029,1
-0.15748013023282473,-1.1939925552508965,1
0.9648832856689551,-1.1586466400288662,1
-3.484111776995815,0.33047275055195235,0
-0.4366626338757298,0.38848306056656084,1
-0.266493165047026,-2.447934833099586,1
-1.4988396798535963,-0.713805537784028,1
-0.3931050347986244,-2.6653555814630208,1
1.0827540086123875,-2.3351224180664794,1
1.2648805218933492,-0.2852141081502719,1
1.7874713654116723,1.8123403103385982,1
-0.10584037704400817,-1.020379408920746,1
1.7333110596319092,-1.584690531369447,1
-1.1189341036610145,-1.2347667590990223,1
-2.9160553818338,1.7971025972425578,0
-3.548793964346847,0.5264788261222726,0
-1.0792459049615801,-2.484607999989527,1
1.753330419045632,0.7050907685200666,1
-3.309957589555173,1.170159292004295,0
2.311960542720023,0.6954574587854151,1
1.2625365336037624,0.7343676824039859,1
0.8612688724036766,-0.015534097116430612,1
-0.8141222616087292,-1.5602807861352348,1
0.5272808096831854,-2.181546181663913,1
0.7135946967925361,-0.5268150030366023,1
-1.0467802997852087,-1.0306686991673977,1
0.7342140347450854,0.9538308538961818,1
-0.8138406729120493,-1.392852673947452,1
1.269432508341447,0.5579638014534403,1
1.094294702285445,0.8056787235808047,1
3.2056991219795727,2.1132177825034457,1
-2.1261078416371855,2.4656646284514805,0
2.8183652349509285,-0.09491334780612926,1
0.03798548089305054,-1.9597484107252678,1
-2.3289183732587504,2.5486559628283803,0
-3.133316778922867,0.7399646861126045,0
0.8572649087058486,-0.34017821674573967,1
-3.401037967255076,0.8751674760829481,0
-2.013066939748291,2.5377236846568074,0
0.015237722752162036,-2.6957563820867554,1
-0.5255352477958637,-2.1781372875762877,1
2.0597075807655436,0.9045430390606731,1
-2.864166174978241,1.682912499094785,0
1.9568943783102004,2.0514169759644467,1
0.6744732868850177,-2.5303837595186938,1
1.9711872254518228,0.266436796091877,1
0.9434291374981651,-1.2503980533089032,1
-0.14063924115426835,-1.2366446270144216,1
2.4273364010857317,1.6415334810154207,1
-2.256024749828116,2.1314956040105395,0
3.2407429137089445,1.7083865338092707,1
0.8786463315294657,-1.46188807466444,1
-3.0820752218765226,0.8337053223309886,0
2.7645169262955274,0.9610556180981904,1
0.23779179186484442,1.210511377243352,1
2.6324034497784368,2.2677238750938473,1
1.9973122015302127,1.1779523889560732,1
-3.0441146980522626,1.0957882506416077,0
0.7571399885825902,1.4393416604952904,1
-2.3592563849161423,1.905297760700485,0
-2.42426654530765,2.3010306515736696,0
-0.2033157819515705,-0.7987832444825911,1
1.3728063968156043,-1.7009111838836852,1
1.946638938146901,1.6769859541653696,1
-1.6421259098443324,-1.0238878271552228,1
1.069526202799345,-1.1999807207025215,1
0.4768541749391032,0.8664256547248763,1
2.1788940631190705,0.4986109039989389,1
2.438814438680341,0.5440313042796184,1
-0.11012688866012699,-1.5363342414904944,1
-0.48061794182605866,-0.8010894168922329,1
-0.27348906639036824,-1.8090493689787737,1
1.597565895580508,-1.3104642725549351,1
1.205423260792551,1.6936551169813292,1
2.499157617742314,-0.5749632309516439,1
1.0045979889467458,-1.4246704509260697,1
2.3969239487524963,0.4622111441560274,1
-1.510669733967107,-2.088013814909907,1
0.955466157119897,1.6880713698336418,1
-0.23562621478789428,-1.4069570705826302,1
-2.281432235683599,1.8552838437175587,0
-0.5823490213371224,0.40868478997309793,1
2.079772672046599,1.3356511381142728,1
-0.6111412204236288,-2.2716761632884683,1
-3.284436545980673,1.2515513806591962,0
2.504074397750728,2.2577442669761982,1
-2.993454875774422,1.2466086434060255,0
1.2571549819401235,-0.37655400620315915,1
1.8755074594667047,-0.16362051770289765,1
1.5853144345675838,-1.4156575024968294,1
0.6914295694913228,1.3480420680241747,1
0.05401906134750914,-1.3540987293966593,1
1.9041507683896552,-0.25417522084862476,1
-0.5428039120018522,-0.9107122366373006,1
-0.1994792251092418,-2.009161802373223,1
0.10102308542254188,-2.805654919099892,1
-1.2300471944478153,-0.6802953668254015,1
-2.4929018979088933,2.3683606691742316,0
-3.4085400224636135,1.1222802652354087,0
-1.508019325596814,-1.4008774634493462,1
1.6138683870963904,0.1832117525413552,1
-2.2862175960192572,0.8627280582065633,0
2.248760742477686,0.9050427694153756,1
1.3661190934955216,1.7416093420584793,1
-2.1864210738449206,1.5926523167339768,0
3.4790318972575234,0.5969752874936253,1
-0.5638002929408705,-2.3599494146619797,1
2.0226859181977743,-0.19537364345638775,1
1.6003029772553494,-0.27557351490623083,1
-0.036841923317770336,-2.205946269273441,1
-3.3441553547690237,0.9081723906156677,0
-2.626970374966291,0.8652803029391392,0
2.5965037711370162,0.38021307244517677,1
-0.15435061560882515,-2.026701682708181,1
-0.8727929208943205,-2.113216804781115,1
2.7741068174856003,1.8151755379779504,1
1.4246099379177923,2.1902923874407003,1
2.5055591023816626,0.7024508122119837,1
-2.648415406714115,1.808728568873363,0
0.4815118498932448,-1.4476051809672552,1
-0.05646942644986014,-2.1161835825360567,1
-2.92642634137081,1.3926545048414711,0
3.3600387192127554,1.3340227601386354,1
-0.9389279386718491,-2.186851789581717,1
-1.975914807000123,2.332531842062307,0
-1.7420736689182545,2.843763790783854,0
2.4247381540271626,1.7703739921060475,1
-2.9573939064547656,1.8010172270514118,0
-0.6231819861607019,-0.7492065530981595,1
0.5295612032400745,-1.8539690085262177,1
0.07317556261299471,-0.531797736411552,1
-2.817219108143193,1.417902666896733,0
-2.884950225032341,1.6663486617193508,0
-0.43516379970573327,-0.23928771329284748,1
2.5418070258293057,1.1952942173697207,1
-2.409454764511635,2.6740093225233172,0
-0.9282149473866649,-0.23949420247335373,1
3.462268157944573,2.4967685818815797,1
-1.2684168524612431,-2.0396734532512557,1
1.197234522175112,0.80576231447578,1
0.17828285786111728,-2.2603834945079444,1
1.2515361906090778,2.0457939308977924,1
2.1472386876531755,1.2729250568133643,1
-2.6361407671217,1.4366723826617356,0
-2.664973252490041,1.880948287289446,0
2.896399226229664,1.56599394363822,1
1.5166513766005036,-0.5336539091904617,1
-1.0818867723622494,-1.440992686747768,1
0.654106867288549,-1.7507246240022942,1
2.162785017434089,0.08404816504510326,1
2.6509303696153785,1.4029290999938206,1
-0.2262062715635698,-2.4569685633335405,1
-0.15171106429857675,-1.4298945091167283,1
0.876613042355971,-0.5263525205326576,1
0.1598810193792066,-1.8237895832369988,1
-1.6092730084240312,2.6392090302611444,0
-0.07587737691681942,-0.8877838801294227,1
0.48383115159667966,0.3894990358099737,1
1.5580062450678478,1.409503016989428,1
-2.7053754949409488,2.3020841176464257,0
-0.820316978309804,-1.7337839641314616,1
-2.1998979425380494,2.7477027005556,0
-3.124823529979733,1.0519274310170041,0
0.7803690198949504,-1.481466810451521,1
0.29777527438821516,-2.35933862097327,1
-0.3599536744193645,-1.7960007732210839,1
0.6765096307882709,0.49522979318373794,1
-3.315641797750662,1.3490264134233998,0
0.4439158269740424,-1.6843126603329672,1
1.3036914714417247,-2.090752230648067,1
-0.4399422122687764,-0.9705786878479745,1
0.5073331081993002,-0.7081465715466109,1
0.9440177611316545,0.9308182751273787,1
1.9799592725112942,1.3254175124349332,1
-0.5811037807460289,-2.0967306743407192,1
-0.24994454520413334,-2.9360252400875275,1
2.7567094587583703,0.6514237406110042,1
-3.5431767242773513,0.31987364715293276,0
-0.7279121508070934,-1.6956676528739014,1
3.3679444337226707,2.672478114156161,1
-3.5283786075730554,0.3141165892020874,0
-1.2213250888366058,-1.6740768759697624,1
2.3262741475789794,1.25908954872196,1
-0.6301953970478515,-2.487682620693609,1
-2.5675300927089495,1.5914632437113578,0
0.251353095838893,-0.9858993626791241,1
0.02133925683499094,-1.9383382359276093,1
-1.8646387420434487,2.7079360145467772,0
1.98348021187748,0.6625505847925838,1
-2.26679926138721,2.409967948353616,0
3.4757877298368873,1.993538006998927,1
0.24373298978162836,-1.5776816716016189,1
-2.4428231998314245,2.3222569671444035,0
3.0783066948223285,-0.05769306324480045,1
1.448847564959623,0.3886009154143874,1
0.561314423775321,-1.636409274226898,1
-0.6894783815309756,-0.3229864340248757,1
3.036538639060296,1.3932732611073821,1
1.3160859375249527,0.8998409634241591,1
-0.7397515102431796,-1.4805315618698607,1
1.08476921907104,0.06634093646773054,1
1.2349700346375205,0.8176865433143188,1
-2.3510183584703297,2.3792358454741818,0
-3.2468732025062805,0.7676836132381204,0
0.21449503850571158,0.5752177145982075,1
-1.9048709957656655,2.066153158974658,0
1.3253968083287073,-0.27026044659587933,1
-1.2991147293238274,-2.234690748733235,1
1.2852915064822241,1.822325312212403,1
3.026620472822238,1.3884232282257287,1
-2.7874832580575415,1.558537566064958,0
3.5828358267255584,2.2594627831087957,1
0.4121299453618016,0.5813337325659851,1
2.6013073588736195,1.0197110097307212,1
2.779779552968486,-0.4820307298770623,1
0.8494193506428871,-2.27902092936962,1
-0.47614396902706857,-2.147841458097451,1
-2.1124566285154716,2.6856398981536507,0
-1.2600417224428282,-1.3801997453627233,1
3.398595841417871,0.8667650104191267,1
-1.1922190399994357,2.222218105568016,0
-0.2617679719010745,-1.00100429593912,1
-1.7755029996427647,3.061635912769525,0
0.0870811804208986,-1.8788508186409256,1
-3.1108746400885186,1.2900159848483348,0
3.261390659126729,0.5296930071753848,1
0.5333841646097861,-1.5477992496853783,1
-0.6200910120425587,-2.285350878175211,1
-3.4715517195450265,0.38115256594467883,0
2.5795675052179083,2.3795572180131517,1
0.9133130611290712,-0.358704289104095,1
2.6684774217993983,0.11139711810341979,1
-2.2277326948469427,2.219863291427308,0
-0.6100561530271512,-0.17492886171834887,1
-0.21090328695179492,-1.6323508887234461,1
0.27625794882826793,0.4325570682789303,1
0.836986537562354,0.3251310358420041,1
-1.7958814001904286,3.048590145975443,0
2.2559236652340475,2.557805549473131,1
0.6402375582485254,-0.8823451329121097,1
0.5268947942024069,-0.5551927558927752,1
-2.9374293979582093,1.4795329572970897,0
-2.4155849278841623,1.549600975113348,0
0.8283646939546969,-1.6387365391226063,1
-1.3535496978667432,-2.0573962320783106,1
-0.2838674646708818,-1.690015455843278,1
-1.1811738217641392,-0.07058896853324126,1
0.02797818143003461,0.488001868527189,1
-2.919201022676321,1.5781315139946765,0
1.191690363376844,1.907760461970463,1
-2.3389653854028682,2.1781291059764287,0
-0.5608032261912851,-2.095320397158389,1
0.4400969254731917,-1.5333910326092246,1
1.4148844419663673,-1.475791200675033,1
2.577411495888364,1.9134725504843921,1
0.7612131789420842,-1.7980030419987512,1
0.9461227378073471,-0.6727613899993155,1
-0.20679262362881176,-1.530597960482203,1
-3.209380539303763,1.49483785024377,0
-2.161098234699755,2.7511661841791364,0
-3.5400323992623934,0.3190189598627442,0
3.0526345167659352,1.128127175440898,1
1.0840936436300939,0.27328857092483605,1
0.5345223384197437,1.6461991028589436,1
-1.348404044089445,-1.5419000498434023,1
1.242684628698049,-1.304874061778549,1
0.9153202598847963,-0.9205828867365535,1
-0.014945809861423187,-1.4981179890455132,1
-2.2196067538324917,2.9530327224333646,0
-0.09338569420570794,-1.116890958823509,1
2.2503353424313794,0.34253356773649635,1
0.23546772252321366,0.24616500636489488,1
-2.358679177515999,1.5074875874996885,0
-0.11283360674004872,-2.224891293345501,1
-3.0112685957667766,1.6964067520009676,0
0.3298763818219256,-0.9070303755152984,1
0.6892758499577405,-0.5548878226125817,1
-1.410930698601468,-1.8414223514848227,1
-1.107609698616017,-2.5390871065719427,1
-1.1846269922114068,-1.991984565916384,1
0.8677030635508947,-1.209458048618341,1
-3.404040836478873,0.36156221272616373,0
2.1943053069458087,-0.7491923584672775,1
-2.7258508699173416,0.7313448507635214,0
2.8515929778013653,2.1478343371325854,1
-2.0363231420333805,2.116681329504898,0
0.8613462479582197,-0.1605359882665851,1
-2.2322540220983167,2.934939420830171,0
0.8628280031733653,1.2991474977360626,1
0.0394611697326088,0.5632405621567563,1
-3.2728978942026834,1.0536053522424222,0
-2.476060546387668,2.5563404600683604,0
-2.9372883054039685,1.504475605083915,0
-1.1545496280543448,-2.018993734269983,1
1.2457150748470915,-0.10917544307993321,1
-1.1280252004853493,-1.7405656931853266,1
-1.490277908332521,-1.8988445124996933,1
-1.4823708088324872,-2.095706000521603,1
-0.5015084362902114,-2.025564934141406,1
-2.5251123464556464,2.128254650265535,0
0.2566566468369508,-0.9862863976007548,1
0.5425361216442648,1.421411966815349,1
0.049444660100742416,-1.3998125558699974,1
1.3076713973327665,-0.46729883233958525,1
-2.366885854807448,2.8854577456960073,0
-1.6057905674740038,-1.9496532359517982,1
0.7183685945815638,-0.365624735020333,1
-2.8937902463223173,1.062881284916803,0
0.09021602238530432,-0.7048982664701928,1
2.478537913696407,-0.4544605823011416,1
2.793241710502323,1.5639333596000178,1
-0.21614253221458782,-1.9077905293065927,1
-1.349357264513466,-2.058535815131895,1
-1.8178168769519594,3.048696603991136,0
-1.4360877353959818,-2.114469168874934,1
1.869278141657747,0.31380311984257536,1
-2.6747494927305695,2.2225325403368243,0
1.4540845272077705,1.856449290169013,1
1.3620606975991845,1.182220753025823,1
3.566190068117568,2.291301831017439,1
1.977516983362954,0.1941322029670759,1
2.2578231173198495,2.1668924792235544,1
-3.170232221282075,0.23493738287106797,0
-0.6270510720328939,-2.4885373079837967,1
0.1336752615880454,-2.2911282931082138,1
-0.48682708849450784,-0.7022697512933533,1
-0.20432600329396683,-0.4267564147965184,1
2.1248343558494125,-0.38245824020444097,1
-0.57757425279791,-0.3794196712799247,1
0.16359511384229783,-0.033857357168170454,1
0.7593724097464235,1.514315864863262,1
-0.10598240212880669,-1.7953945494172725,1
-0.5304761742703624,-0.4981736019746761,1
-1.3382310967910005,-1.4756529875163578,1
-3.0824371305686955,0.4701284610683525,0
-1.2424340490112191,-2.3916690058680787,1
-0.2540898795028356,-1.8663698847577268,1
0.053478688362389976,-0.9640266176409604,1
0.06433332342500284,-0.41584209714855325,1
2.1281923481831457,1.8038197926857673,1
0.44901432076441306,0.03153901151257221,1
-0.019533087757680895,-1.208713635699999,1
0.005823282881761316,-2.5048666645706255,1
0.6373669492285582,-1.1709128041601302,1
-3.339091056302978,1.304833630312296,0
-3.1524223130328175,0.7363125979675789,0
2.585446285413483,2.4830310758414655,1
0.18886490226425853,-2.1781321025460563,1
1.977275747904265,0.026375835920466717,1
-2.317784228700667,1.4654263611084561,0
-0.7556770655862382,-0.0102803196952575,1
0.038994203052946624,-1.1104677096124058,1
-2.3477994579327315,2.407232265865296,0
-3.2760636043451097,1.253934311183772,0
-1.2414450145156728,-1.369570042335272,1
2.965209656946495,2.4689143862219693,1
-2.4456527196557496,2.0055444505608544,0
2.435500389291277,0.6484036406086185,1
-0.6136109718545891,-1.611266256005575,1
-0.678612095023131,-1.1655735058687953,1
1.3368678928180189,-0.36388516038197016,1
2.7680932996476026,1.9862738440419887,1
-0.7270141090280205,-0.9380601887294016,1
-1.3951190896418608,-1.7126462424647189,1
-2.7753111719042125,0.9619987184594434,0
2.3512325542406733,2.1271219777934642,1
-0.16478204143147715,-0.7438935005452647,1
-2.7369526141890037,2.1309379142152407,0
0.9853544635707974,-1.2175209725161114,1
1.3653916433080906,1.294544297897953,1
2.204585880920955,0.21626194505141913,1
2.4076626319566032,0.6410557371044447,1
-2.796203951737934,1.3419198656883164,0
-0.1477597218847928,-1.882867223699193,1
-3.1324098965559553,0.033311172437845205,0
2.8585647159343615,1.1889263229721976,1
-3.5190702324960084,0.31332104459482113,0
-3.0093628577101046,0.9116193454776244,0
-0.24784983992020565,-1.971350128220457,1
-2.4406990113718834,1.6843143410784462,0
0.4560865195670434,0.708574603125591,1
-3.199471441834414,1.5156016704157624,0
-3.4990315741001163,0.30613950782699495,0
-3.3443789571364633,0.3504928157437645,0
1.1741533762737633,1.135457731298301,1
-1.1841427413558099,-1.7635845502612577,1
-2.7066595510096483,1.8628002737216742,0
-0.9735179776989547,-2.0211228428777672,1
-1.8550245565059795,-1.4612678287551766,1
-2.1949887118143736,2.9405237952128607,0
1.9481031347311337,0.4417972920856451,1
2.2884363518490143,1.1098046499843046,1
-0.4018902578316142,-2.165857937728397,1
2.667415957753803,1.943164863165037,1
2.2495447939195197,0.5348265174573927,1
-0.9284286536530204,-1.023133868676641,1
1.098472612979244,-0.5010041802916854,1
-0.44463975893582974,-2.0632569460380767,1
-0.2560120816638335,-2.4507837907335475,1
1.9308245675675935,0.13811141916233943,1
2.847770595120803,1.5035964752812594,1
0.028906414588345586,-0.24786791099950967,1
0.7569527171575802,-1.0376398576245054,1
-1.3347570684449124,-0.9366277285326055,1
1.029957784686382,0.185253714453662,1
0.30194269006280494,-0.06033580110645326,1
1.1264997614767132,-0.47308072798914846,1
-0.6576808017108994,-1.9061060283634803,1
0.2710772541250689,0.5081575510202408,1
-0.7397313674134592,-1.177447974016976,1
-0.09125356223307102,-1.423950993144401,1
1.8427246890773994,1.547716414521179,1
1.9761036752911687,0.4989509673039824,1
0.539784734619861,0.8560328619568056,1
0.05050471613498317,-1.9050905277260823,1
-2.8863923457613274,0.9604108587891492,0
0.5867679026591828,-0.9501754057573488,1
1.9140720237347695,1.9246321648915587,1
0.10368091493611695,-1.8577713785220715,1
-3.1924007169365054,1.2197121712805425,0
0.8196213063890947,-2.6365783194554675,1
1.5574426577570328,-1.5364921231182056,1
0.6830181725936868,1.035518483962218,1
-2.42683983457397,2.1457076543446973,0
0.8342788883400849,-1.562896367907933,1
2.5838307183204674,0.8011080145497085,1
-3.365523095631206,0.8338836779184431,0
0.6040437116007528,0.27070643485047896,1
0.7577758331335778,-0.990693050375959,1
-1.5187111325409393,-0.866432472046258,1
2.478695883668192,1.5988310794891412,1
0.8956288750081736,-0.41728454732739584,1
3.3329806783899536,0.7237765024081966,1
-0.16641662206899915,0.49745118234153973,1
0.8858401371404678,-2.2758672019991737,1
1.2723276422246759,1.0803834625427884,1
0.30321075768907724,-1.622793332727964,1
-1.1965328823108181,-1.7836700123666671,1
-3.1788430031512878,1.1269582390678454,0
-0.24260778683589845,-2.9380195104313005,1
0.9112097586008419,1.8716721563768897,1
2.92348705993167,1.7388461912036772,1
-0.9296065125770967,-1.4467944712962957,1
0.28254226779660285,-1.7517316293984515,1
-0.04957468797072845,-2.083161698373942,1
-3.4363724862855465,0.40287070874185943,0
-0.11424516176160995,0.7039075061922441,1
2.026883070240969,0.3696776923670707,1
0.823389169996573,-1.1588749187416685,1
1.951275803126905,0.8359515143413602,1
-1.122635598410845,-1.9232461613917309,1
-0.17770838400385003,-2.342273771260468,1
0.046103719009922356,-1.5146907451314389,1
2.0547529170933525,2.2141953258451217,1
-0.1916497859184997,-2.125180029967804,1
1.6279658677075077,1.1416880017283857,1
2.077396933070404,0.24583774272042072,1
-2.947445028100646,1.5940585625926746,0
-0.5829097485875349,-0.36469165198168896,1
-0.6183815662223914,-0.6601193231263953,1
0.1786434952435115,-1.863315714265398,1
-2.6867876846959513,1.9393067940650843,0
-1.4359631354281552,-2.1162376861382333,1
2.9001769039685255,1.3965182447185807,1
1.0609878281198748,0.7918796271280536,1
2.5270567264036363,2.1940929853819298,1
0.3646241437280713,-1.6600726511626211,1
0.5299300150420015,-2.2814656935624784,1
0.5449567835641996,-1.1394325447004408,1
3.691912067236763,2.536290002198076,1
3.19378737406135,1.0185351425012172,1
-3.019652423317919,1.4411713628337801,0
-3.2471110236898446,1.0787269132592372,0
2.0759215634804433,1.1174080755295304,1
-0.7765319848422932,-1.1707560331312092,1
-1.7977043004043578,-1.2621123226000766,1
0.42920801426911503,-1.312662131875863,1
-3.3356173920520096,0.14303294948423606,0
0.26737017080172143,0.6085962826810157,1
0.30869513015268,-0.20550469681674355,1
0.03503824751707535,-2.44764724853325,1
-0.3691718704923731,-2.791112058571307,1
0.9250904054393172,-0.9097221604223948,1
0.46419216410152087,-1.5519179991081609,1
2.415601400303111,2.4123171795057514,1
-3.3666485923727487,0.8903815132073253,0
0.4321258713266072,-0.78144966515775,1
-0.10936159397509512,-2.303276922233982,1
-3.4038414807622117,0.7746964031369211,0
3.20757262394777,1.6136348926903463,1
-1.9854524474650388,-1.6307995343926565,1
-0.17722107859947298,-1.4810103011003002,1
1.3064612155633233,-1.5658353448170153,1
2.1064962454310048,0.7222994190017858,1
0.6557636104411136,1.598926085106278,1
-2.3898173125841384,2.8361910922646483,0
2.2382548678702423,-0.026466005007047377,1
1.4908581367541853,0.012538175924824424,1
-0.9119992241578591,-2.197947178826185,1
2.3054745957386404,0.35340197640279725,1
1.0575162031272582,-0.24713058556428558,1
0.7035534321700405,-0.5294058113052782,1
2.1945941886572387,2.1562115386946203,1
1.5921957753141964,-0.1451010466130378,1
2.3875873464156467,2.417512968018153,1
-1.0896285867921223,-1.1981093567818355,1
-1.771422728799461,2.251312426328596,0
1.1292157458599406,1.0721557750701143,1
-2.8375498209702292,1.8483523666404447,0
0.8258641567540328,-1.0630435776439509,1
-1.869821025896517,2.6288680922277003,0
3.3555623758641673,0.9045981270980373,1
1.6241977885922707,0.32061360163189545,1
0.24705242481937748,-2.0060704879313236,1
0.4284997120342555,-0.15535763533307057,1
2.2712644773082653,1.7083691132355587,1
-2.8343799339568694,1.791191849021403,0
-3.3316721933465203,0.6225380681539512,0
2.3080651777389187,-0.27282682081383736,1
2.731092362957653,-0.47153673364020054,1
-0.7141217801245543,-0.8189186978527003,1
-0.7778879540211698,-2.328849498801792,1
-0.6583586976813892,-0.4305962943016761,1
3.089110397084807,1.252753965599586,1
2.736896141873763,1.5153863649565766,1
0.21128744442896527,-0.878533781461754,1
-2.9027031325265242,1.0511151270615637,0
-3.3313003587309065,0.14012484916735235,0
-0.8653877403652209,-1.9062391664302738,1
1.8068058049846802,-1.3044258301656495,1
0.09742535634206592,-1.1903008986358459,1
-1.2752391832382768,-1.628474957265274,1
-0.10763414878189789,-0.5063272974798518,1
-0.3391814393594867,0.631462608768544,1
-0.6557361008362725,-0.04954175255327242,1
-2.65858993748311,2.1601859304850546,0
1.932175434570145,2.2287209101610013,1
-2.9510220049824825,0.8359524092120028,0
-3.259145452062469,0.7170933109288897,0
-0.26233343304024204,-2.3636391491836113,1
-3.392381548871708,0.16464507547152807,0
0.5093045597153247,-1.7228644285703,1
-0.07188657277224911,-1.7294449034806205,1
0.9508101083723322,-0.4661549185514804,1
2.6621827295399516,1.3923053777810672,1
1.836308846860241,0.26843746272657837,1
0.33901841435678715,-1.2560735724078604,1
0.15619912196972804,-2.3517619581055724,1
0.3523977876858122,-1.620023381069989,1
-0.359260891748222,-2.2241638020380474,1
0.27305386641551244,0.8520072343913296,1
1.5271411032200137,-0.4897586872132058,1
-0.6027323401900985,-0.6560878847647733,1
-2.4096059862116506,1.6482408087628413,0
-3.33462916626179,0.20519702947945273,0
-2.8915029842614586,1.9242843284422055,0
-0.11584918368675698,-0.3062006957469863,1
1.9418586737644714,0.661337325994511,1
-0.005113940924429516,-0.23764660827316297,1
3.648877300423155,1.821776551931335,1
-0.9247668324126262,-1.814392887226163,1
1.3339689381016249,2.4385387853685345,1
0.39976473683692515,-1.1969860495461906,1
-2.4383989453671213,2.0472406773347633,0
-2.5308152869886396,2.5156073145393325,0
-3.513829690804412,0.3118965657778402,0
0.1069193716037363,-0.9147662254399049,1
0.7118858390524004,-1.2675931724978409,1
-1.482806248519863,-1.7884200830549504,1
1.7890119976191867,1.2980639684221056,1
-1.6425989592830041,-1.9379133669696333,1
-0.1289339130886369,0.152073959031616,1
1.0163585454711443,0.5387233488764013,1
-0.25915640667879125,-2.449929103443359,1
1.9218638564526287,0.17662480632981048,1
-0.06288179982720907,1.122946331074402,1
-3.074522705284117,1.6353113641701587,0
-0.23003048677606744,-2.9414382595920543,1
-3.5147531991749053,0.3104129442779374,0
2.5060754661841536,0.43174557609460845,1
0.7268585508164468,-1.4223744821847697,1
-2.5264621481566785,1.4167318294116604,0
0.7950156431349484,1.5227907550327264,1
-0.3955741879862378,-1.8418704759991096,1
0.8566533165619865,-0.4199964148957047,1
-3.0588235871009792,1.0046744043766722,0
-0.443923456451076,-0.21520622181584081,1
1.081986329869728,-0.3954335443578878,1
-1.2638753565792165,-1.806343218031397,1
-0.3802134808157298,-1.7581430868678556,1
3.1851370881790615,1.542815414534601,1
-3.1541448881433474,0.5695841185192809,0
-3.4751605366296654,0.6463035020355268,0
2.1287722423833197,-0.056846572239798776,1
0.6101502447997119,-1.6587264408631457,1
-1.8200755452642232,2.2764854522497693,0
-0.9373119530643005,-2.225676516511373,1
0.2810590420945266,-1.229090112022241,1
-3.147816032016288,1.5031018557862044,0
1.0369413470269064,-1.082954778521142,1
-0.3425562570123182,-2.178372681893675,1
2.6492692174852572,0.851016751065547,1
1.9303815272597589,1.5257678936441035,1
-2.7645788671022897,1.172349357168451,0
2.1362481981238584,2.3965540201337365,1
-0.34030246031843703,-2.2356287110744715,1
1.2486648339852635,-0.3022175259870622,1
2.0365190159260043,-1.1308860327353196,1
2.626659200425353,2.1260015300886543,1
-3.2818324684044686,0.9102339900963158,0
2.604366697084615,0.6257654423003693,1
1.3190042559736677,-1.957237898378542,1
0.23706353547390177,-2.2785484954432302,1
1.3789409210076906,1.7119834534731495,1
-0.3240459558441968,-0.6381774786848402,1
-0.8867698720325137,-1.7050199443577112,1
-1.5320776418974649,-1.8892171992271458,1
-0.17228528664125237,-1.8573620395124855,1
-3.0828475056990845,1.100687809401195,0
0.49019585867851523,-0.9845404688205066,1
-2.1313200077506926,2.6680873363142203,0
3.4348494248053454,1.3670866811096747,1
-2.4575475421501434,2.305787922639874,0
-3.277534983924459,0.5728417634590639,0
2.857300056686697,1.2125008331141625,1
1.7593551916953742,1.3433709078529046,1
2.6415122648400016,1.1970307287283566,1
-1.1460751959120452,-1.7897451526620332,1
0.7085051717433954,-2.498049861665132,1
-0.41950080741293716,-0.6630271586304464,1
-2.6171442239495653,2.339583080160767,0
3.744753470577573,2.1199064735782054,1
-0.9857383218256416,-1.2118691453686725,1
-1.841673371254861,2.979791511481444,0
2.1779632530626585,2.118475229985942,1
0.5199782829935701,-2.695473265879955,1
2.1597696455398077,1.2119484871935904,1
-2.456455546420795,1.9818529258883166,0
-0.27176640808511554,-2.361075087313046,1
-2.5669843016607583,1.5931495402269518,0
-3.1580890221671227,1.2216975211291712,0
0.9846753927444682,0.5654747800183726,1
-0.17133221821889408,-0.32281274923922276,1
-2.190582874429911,2.518458522673881,0
-0.5352223730694565,-0.9081139719867328,1
0.9018163670862189,0.7571696780280732,1
-0.14189590759235954,-2.324812120552605,1
3.0876217491447364,2.1761674358407648,1
3.306043687838518,1.7289731433201434,1
1.9243159477800853,-0.7593659202059149,1
2.6310178054649414,0.09010630782227769,1
0.2545810998425324,-1.6665902544596305,1
1.2066713522948076,-2.145907680819556,1
-3.007574208757316,0.6322433449732249,0
2.733214459866629,1.3177742511765793,1
2.3416160381946023,0.7797187128853239,1
-3.3328278240133704,0.8452846228488036,0
-2.7317869723404806,1.5849475846735384,0
0.3160727551480744,-1.7258718508535034,1
0.7422365367329058,1.5059734282555393,1
3.322918591493965,0.6064703509157052,1
2.242395906613101,2.4570580912216817,1
1.978255750946557,2.1279252038511802,1
0.7719288317857396,-1.8819478639535476,1
1.887263898211051,1.9011003949898124,1
0.9018393924401595,2.0659091876753983,1
1.9291436267060644,0.04136453993907663,1
1.1049888372761891,-1.184971049451222,1
0.480401269535802,-1.9491671703414961,1
-0.44105303478580793,-0.6545724108160793,1
-1.1611625235488787,0.13363489458942518,1
-2.242442548101677,2.1383295986404343,0
3.472922152242082,1.2143223192458448,1
-0.5939504044199159,-1.9569434268050303,1
-2.7155721180659436,2.2751953416980264,0
-0.3834240372085518,-2.2091576310701586,1
-2.744328096898577,2.115750627559346,0
0.6960435315178279,0.3711819063805415,1
-0.28047132823171494,0.13589733881889837,1
1.189134388316101,0.8552569978653739,1
-0.24239577780850338,-2.669880812069948,1
-0.20010364014191595,0.1215441224627824,1
0.26815280326061597,-1.9956203285083403,1
-0.2056308896154091,1.3395646866677908,1
2.9568961159554217,2.0385568864574726,1
-1.8302992511904141,2.4980129012267294,0
-2.235111605669928,2.044035851926156,0
3.1606853076575425,0.14649362588474524,1
0.1531315650293594,-0.06750497725801818,1
2.9052577303905958,1.8097274817936988,1
0.8516163453538137,-1.229102333173665,1
-2.769524190834076,1.7204640504404123,0
-0.16285352117592625,-0.46909160048165166,1
-0.4654581551085478,-1.13482946048426,1
-3.144461859052281,1.0066208058045976,0
-0.1596476572341284,-1.4667542397879632,1
-2.3213883779357474,2.657562075485576,0
1.8593290598970154,1.6757943902298802,1
2.9504264567686174,1.400544594939205,1
-1.5042074138417998,-1.5002193811644458,1
-0.4526885558911825,-0.007572407964806904,1
1.5567319062537672,1.1117424932754532,1
-0.11917173723278016,0.43218018617534715,1
-3.3446162196449976,0.9058339250036737,0
-0.46035002208146025,-1.5660730895010302,1
0.20726201253293072,-0.39996468552515707,1
-0.2619423704979027,-2.3279842926195577,1
0.49268352842273955,-1.0425203273996761,1
3.361483368387282,1.919281182552161,1
1.323077677464788,-0.9547098427448624,1
2.685235928441542,0.6703924578635123,1
3.5739981207829614,2.294928853818,1
-2.5691699238931904,1.5439515517289968,0
-0.9275104211206677,-2.175674340147083,1
0.3665450275794889,-2.5116797725436415,1
1.635018872684907,-1.3645478736791958,1
-1.1200664390838229,-1.8152595290908655,1
-2.825913739390009,1.63658115553839,0
1.1281994364313974,-0.482119289907625,1
-0.1850702457357414,-1.9599128345661416,1
2.424629015903013,-0.17887172026727305,1
2.999515102661389,0.835544699946448,1
-0.7126077134204069,-2.296654510760521,1
-1.313821808154065,1.948660465876772,0
1.266263719826131,-1.953888328269037,1
-0.025098356096409813,-1.2130932986198313,1
3.132091057811382,0.6027824113900386,1
-0.7357973139379413,-2.3464730841015378,1
-1.273470545013117,-1.2007866919276693,1
1.8659159407216863,0.39843968952109493,1
0.0913799214323476,-1.4133777682826685,1
3.631523978848836,1.4351418662002282,1
-0.08526468388229733,-1.8698875423224908,1
2.9105762959510333,2.343289352233845,1
-0.36618852583020955,-0.8693518191670386,1
0.1734960719725491,-2.226828525342473,1
1.9523048097571547,2.0543062631324016,1
2.263998976542529,2.1561669992201793,1
1.2526595650874106,-1.3604513991084226,1
-1.6311628747450835,-2.1633728863149346,1
-1.1055134819393784,-2.539656898098735,1
2.69834520904315,1.2012953282665801,1
1.8136388174691522,1.1000549266473139,1
-0.11939406408609823,0.33966067873859707,1
2.3400997294747428,0.9568977743320282,1
0.5825784954507561,-1.5663369421694708,1
2.5132456449737903,2.4273951956376623,1
-1.2186001420562056,-1.9814206444721143,1
2.5753440619049943,1.337943579514469,1
1.6959480881179472,-0.12139901848117529,1
-0.5944579221467313,-2.4256444052487893,1
-0.3921355507917753,-0.4849096463145419,1
2.883537785801757,1.9550991570992975,1
1.8773223941823887,0.46777343934331506,1
1.3929610246300816,1.7812890329437214,1
2.5162159052373236,0.2221131455020212,1
-3.2036705368853773,1.03450988158923,0
2.2089632927035487,0.7986908826426156,1
2.6992200798889265,2.4978079636565247,1
0.8899785294875755,0.3665053386691513,1
-3.477360155002252,0.38366762167685403,0
-2.2569634633637214,2.4372730691242555,0
2.6788324013442932,2.110941539298519,1
0.32257605089748376,-1.2452887078542791,1
2.304102248314641,2.179109937366152,1
2.7631026848901126,0.09293773856096871,1
-2.6473788061958143,2.1439424912385823,0
1.4953070127667722,-0.7681833652906562,1
0.9342376653445768,-1.6689798320385036,1
-3.0561181295427073,0.5464236430854075,0
3.2080716037688033,2.0583403799749593,1
1.0712396846595504,-1.2948605342857795,1
2.0212061465188422,-0.5848094558675747,1
1.9496582868032346,0.5729097618636714,1
0.14579926390591,-0.4081215092676751,1
-2.3593654290385753,1.35673863168216,0
0.6254885203896775,0.502071977203693,1
0.7135901844644188,1.0228122741874117,1
0.9980328299376853,-1.798740363323283,1
-1.0099247960571711,-1.527632309613549,1
-0.126986965604047,-1.5217443066893985,1
2.8979503004963854,0.2553003070959323,1
-2.24528135649837,2.944628546213403,0
1.4149817901349746,-1.953704377136372,1
-0.06351407913819762,0.8911266712328787,1
3.32782844118847,2.3305294920745654,1
1.4714665278661085,-0.2970516967386516,1
-1.2766821910210202,-1.7901382002562714,1
-0.7316073442079715,-0.7831019034823079,1
-3.1904145393537786,0.4703033293290768,0
2.7193543475085833,1.6750247519561052,1
-2.91765972639042,1.3287275022437568,0
-0.3818477110141436,0.7181787359892595,1
2.255985264677421,1.9530187069954303,1
0.1988323686111285,-2.1899075427866586,1
0.4211298377908179,0.9284651123425932,1
-3.1165720889729545,0.35821643940803327,0
-0.17845468168701462,-2.303359136908892,1
-3.2534017094412495,1.4236366299473722,0
0.5812016080599923,1.2296922645620456,1
-0.4535474597064913,-0.8347264520654318,1
1.489099676127597,1.5942385607311613,1
-2.4106926443479515,2.032642063047263,0
0.8214167498453391,0.08207701717170507,1
-2.3569419341173083,2.727214288676221,0
-1.632369974309885,-1.7373501417145345,1
-0.21156787835971677,-0.047626725553948035,1
-1.312667976754465,-2.260521933444739,1
0.5838544355270779,-1.2853863153717136,1
1.123958023590183,-1.322439172846876,1
-0.23841535348262122,-2.939159093484885,1
-0.05185849643641954,-1.9370704898082929,1
3.734040867496619,2.3308949282598803,1
2.3441760053666516,1.453137939837666,1
3.461588809100492,2.192267945611275,1
-2.8169275512922636,0.026412582343269264,0
2.352479958072644,2.6125672224314243,1
0.258063278158461,0.8054175380689916,1
-3.4913022159659457,0.33502344912525317,0
3.576407512064788,1.744672953703324,1
-0.4021623742904741,-1.3164357138793115,1
0.00042128181136405485,-0.265945234941918,1
0.3132232360600199,-1.1701185686647062,1
2.216611296170623,-0.42551951732865234,1
2.59522910863106,1.045292666658117,1
-3.330984723211866,0.8688603305665188,0
-0.8400593174538017,-0.037757580930680434,1
-1.196407413042842,-1.1908091933678382,1
2.1439399207242253,-0.4681294092337853,1
-1.7487650222165683,-1.3660461776000334,1
-0.4648387393785419,-0.06492174122875238,1
0.8626415011756494,-1.4397387917499302,1
-0.9251560293330141,-2.1417934073229175,1
2.1983011400149572,2.075780961503823,1
-3.138039959065589,1.1280810014786085,0
-0.4673573024947397,-1.8865431277543343,1
0.8305298346841825,-1.251131887905534,1
1.7834789123426682,0.3836973714608378,1
1.744923499803835,0.5403399699665405,1
1.7403444484219006,-0.9331471630935719,1
1.8406065087954435,-0.08107799570000607,1
0.07160038915909975,-2.2286124218652863,1
-1.4454203081709063,-1.2929963468805554,1
-0.3497961482877139,-0.9010991419952541,1
0.20237219278603855,-0.776532629403424,1
-0.40700640018196554,-1.7416925173242142,1
-3.489242334080026,0.6470520436528637,0
2.1558219736541853,2.033192526952776,1
1.7087584549958383,0.5417539576601518,1
0.6232444845276887,-1.276657397514744,1
0.4927455654467645,-1.8984174139523051,1
-0.4661127559624322,-2.1912305240626675,1
-2.7131030275632226,2.26548091670183,0
0.3778837004935417,0.5839314491450489,1
0.9702495210573572,-0.43760071013906776,1
1.8650677142232135,1.339043833160888,1
-0.7549644243102377,0.2723799650204478,1
-0.7711326333582472,0.14623981527491814,1
-2.6905763217068315,1.3444761893582127,0
1.9971836421906948,-0.6280181846015715,1
1.490701812018203,-0.5361477102925352,1
-1.2797912912512017,-1.2975038845089015,1
1.2858344255956744,-1.3859966115411906,1
-0.8792984202035274,-0.8032762952904942,1
-1.234774125422617,-0.8572518318243372,1
0.18774950015131195,0.18581545497150959,1
-0.24587671181868254,-2.9353963058778128,1
-3.1959571419604953,1.0316796065247031,0
2.936575090812124,1.1896939442534151,1
-2.83030506864162,0.5826587234247598,0
-0.8008273144820666,-0.8307069941133385,1
-1.431420801088735,-1.8714481647656434,1
1.7272540734914583,-0.244736425806517,1
1.9471374855359895,0.45924722751391167,1
-0.4201683649395896,-0.37439986908625245,1
-1.392845116861212,-2.4305688798227383,1
-1.6806475668299266,1.5430473242014147,0
-0.8766357781301205,-0.4569839667361454,1
-3.4021086899189252,0.8453841345510834,0
-0.49001527219138463,-1.111547369113763,1
0.5108479310897831,-1.565936355906392,1
-0.7699569771962823,-1.2382375183495833,1
0.9095639529585662,-1.254321286412137,1
-3.0362510734189407,1.5410089595062015,0
-2.6744993211799595,1.4178491928189558,0
-0.14164004816375889,-2.468721385735262,1
0.6006292479072627,-2.5683961292518633,1
3.203408292154085,2.3867411837723287,1
1.986257369602496,-1.363278043310494,1
-0.10608331902925108,-0.6245289093514466,1
0.7202161208279132,-1.3428665517368543,1
-0.2910574025901712,-2.062293906628117,1
1.707169573302075,-1.7269180506857311,1
-0.42252358155505076,-0.9234980198566525,1
3.383882664307388,2.2683675066310314,1
1.570536702541992,0.18730967137936394,1
0.43568515341850955,-2.2474943168302413,1
0.1802990530302274,-2.7995971013301544,1
-1.884803155813514,2.3352275906308164,0
0.20126350661447576,-1.763424800530653,1
-2.3053142301811462,2.3947012246702117,0
2.307511917111316,0.13028289484440997,1
2.8300403702344,0.4912481588573467,1
-3.112181636632928,0.3566949135581495,0
-2.7096816665928873,2.334121424112886,0
-2.355646795960086,2.2999622201006997,0
-0.5147104046451998,-1.0246279801171378,1
0.38172348063469297,-1.6213302571453494,1
-0.21501125650155598,-2.4636632427692966,1
-1.283609140065418,-1.8400350373267806,1
-2.498971140235109,2.626297236375267,0
2.158587356635708,0.5623206333054867,1
-0.5405264250811437,-1.3340327386980686,1
-3.0501991290257124,1.2909032814295265,0
-1.630346394595783,2.5515035618294037,0
2.2608428600443493,0.3144292217679359,1
1.3132485490670662,1.8298279655803529,1
-3.356586224345432,0.9157043252766142,0
2.313583155249034,-0.10846771283143464,1
1.743453645250118,1.1817008342358606,1
1.9835352144895861,2.0407812094342312,1
-0.2245982458785997,-1.9083374861541387,1
-1.5242721406489195,-1.8652015779611943,1
1.4255921159340719,1.4730965532796387,1
2.6021106757687815,-0.16345789904055685,1
-1.554853537440886,2.1210957750097914,0
-1.1657805460163604,-1.9645368953894873,1
2.459124562632874,-0.016972197044852755,1
-3.253541281037538,1.0583248768691238,0
0.27907391510497226,-1.800496015645864,1
1.1472953089749398,-0.3617760229982925,1
-0.5270640748488967,-0.5132324346003305,1
-0.3022176682988707,-0.9147283573842422,1
1.949548594882209,1.8057881969413043,1
1.4593039931341478,0.35948294108944745,1
-2.6670544747922245,1.6049519991203385,0
-0.27755002053056443,-0.8026970546380425,1
0.5529312889727137,-1.6691747308754485,1
0.3927796347089322,-1.0006708380205789,1
-2.486863248062703,1.6586671336424506,0
-3.088477496839714,1.200177408784398,0
-3.344416275468067,0.6544854553280679,0
-0.34637890039972774,-0.7792044891172156,1
0.28168586980086796,0.6386857660189044,1
0.9665993257416621,1.0326426913396223,1
-2.2087565782390013,2.7488613720436392,0
-1.8654548636361155,2.4070513013251755,0
-2.6093643197109904,2.1824004165111006,0
-0.36924597599664366,-2.2424375555355116,1
-2.5886767950491154,1.7695783681790098,0
-1.3876676983844602,2.3894019862591103,0
-1.5651470501155529,2.4538373481466045,0
3.088164499369231,1.4517968901926124,1
-1.554113123554736,2.6696877808781387,0
-0.42135617383812063,-2.293335195627896,1
1.2255516545336342,-0.426712220056394,1
0.2334620690867353,0.06381947236685093,1
-2.6355661643518573,2.4442673361203107,0
1.3364585297357894,-1.748373291301967,1
3.2527258198603315,1.7297257085583675,1
1.342870124375818,-2.1310779899301546,1
-0.2794216745627258,-2.7342648748551563,1
1.3352554346174048,-0.9698595223311808,1
0.4655751533142911,-1.7851267094929075,1
0.8104340765657834,1.2518910054072654,1
1.5524882116861476,-1.128656835058643,1
1.4021793589180145,1.1203980112431657,1
-2.594737337675459,2.357610577141517,0
-2.3131096053194007,2.6996732268551873,0
2.726965538943354,1.9939069734933588,1
-3.5358399659091164,0.3178793768091597,0
0.32426052433828734,-2.0528193178089125,1
-0.0626486542017956,-1.943527639294286,1
0.5709637779857404,-0.09993613111693644,1
0.6666351400941839,-1.5475924911429728,1
-1.6197235222595365,2.6334225797533946,0
2.0667959202845316,-0.2902614713765861,1
0.5064690954896761,1.4528102907822633,1
3.08281059573167,1.8572807584546762,1
3.025445879377479,1.7710407401236694,1
-2.5932167546229863,1.305928306052663,0
3.2764774766683806,2.1997959702824184,1
-0.3735021569049888,0.0016002506901368618,1
-1.8669669495723262,2.878401544147219,0
3.337921718604254,1.9418674517908068,1
1.064433199656989,1.722087256180934,1
0.320896814499926,-0.03429106270162052,1
0.5596132694113627,-1.208671102391937,1
0.33871701551479305,-0.3844810059994124,1
1.132427847623782,1.4571967753505854,1
0.3374692334389281,-0.5597032598200722,1
-0.5299480496325101,0.6395388194594908,1
-0.10041769356305041,-2.518494699930964,1
-3.52373542312599,0.34131423164369823,0
-2.570054619406367,2.5264701059752492,0
-3.2540641098646415,0.6208664670554089,0
-2.075460389154445,1.9113606012996525,0
-3.0071565850471074,-0.25426547869565175,0
-0.8810676565027556,-1.4047603362867076,1
-0.6498960061827029,-1.695897914389528,1
1.204843583959146,-0.1037296477266696,1
-1.57311259044882,-1.8905348486480902,1
-2.9495294857812793,1.4926150756920284,0
3.700824633459186,2.128315285889448,1
1.6497667037833557,-0.3297575277777871,1
2.843597239258673,1.952940081667029,1
0.5335446984504575,1.453255342595669,1
1.7152463817387376,-1.0108194252110576,1
0.6401628479882282,-0.4310390375300517,1
-2.5152907253166186,1.4396004092143637,0
2.2684289851267243,2.4260392487687854,1
2.3745594585633447,0.4428816957995946,1
-3.192211802464122,1.5656235008786117,0
-1.7386862438213517,2.8473163484726625,0
1.3938359159641442,-0.7148728281479939,1
1.880508650308611,0.6211027060306532,1
-1.7734507674079836,2.8086708463359917,0
-1.0800190381241088,-1.9871937698512276,1
1.958151559978744,-1.1276183229855226,1
-2.9384131508809057,1.1572937724336994,0
2.503066602929312,1.0481222903419232,1
0.46582236293901014,-2.198895128673051,1
1.7565047400952425,-0.6719578967108677,1
-2.6518716446907757,1.909941117897304,0
1.8489742313471795,-1.168017441909281,1
-3.2760967860167707,0.5763410989248451,0
1.221593677325919,-1.1444092790333948,1
1.1338619960340093,0.6727433319215297,1
0.8211207992185536,0.5105041508007172,1
-2.9129142123403593,1.6044179330656958,0
-2.830634819606002,1.803987195801827,0
-2.9972243620103804,1.5072379986866382,0
-1.2069201910956986,-1.6456508131137926,1
0.19495962202532077,-2.8384881597373735,1
1.0833173171891022,-0.9073052078386799,1
2.43202430570715,0.4660576599877162,1
-3.3612970338675927,0.5740703027605399,0
-2.3364247327709324,2.725256862400878,0
3.168808644559266,1.7607895802716422,1
2.135436483853325,1.6794840897899084,1
-0.20729928883572335,-0.3337809337879951,1
3.414931840016043,1.66308469211096,1
-0.25200022479723705,-2.06835244914626,1
1.5006873024445277,1.6733398333938856,1
-0.8040906624791511,-2.3217271047168877,1
2.878794056319161,1.9975631407894718,1
3.2647319205207457,1.6407251038295076,1
3.596584460470305,1.863956980139056,1
1.3265389892986545,-0.6136354671221806,1
-3.095415687126257,0.8559005536722019,0
1.5169700667812638,-0.49679466365052516,1
-0.25216536184859795,-2.9336869312974354,1
-1.1548520303629262,-1.0325004117188403,1
2.8377203686198293,0.6716019405649831,1
-1.0253884620312843,-0.4003232503960382,1
-0.2623536602364427,-1.937356973446445,1
0.3755046125416178,-0.23385501346867954,1
-0.1933749038476021,-2.0872545689238686,1
2.383356639438343,1.4499512904526655,1
2.5799282580556566,2.021881020112806,1
-1.1565666149586638,-1.4393772887245087,1
-3.342829550452418,0.14325870256470996,0
-2.889708859005522,1.533378365458209,0
2.4500098923375675,-0.7701175535245957,1
-0.058096559682708854,-0.8784173078196227,1
1.9208505946453809,1.8526393765947866,1
0.13757878120838127,-1.1168342175783657,1
-0.2654350068839627,-1.6159160790954057,1
-0.04849202195900448,-0.4127556736820448,1
1.6186009254504155,-0.15708504588624017,1
0.44690357803227265,1.0493847599252284,1
-2.471376287713311,1.610421803762405,0
-0.332057053386982,-1.6280458878249218,1
-0.7988214040462299,-2.0908450371531964,1
1.8260404149348008,1.0073779222635189,1
1.322583736214008,-1.920851139337528,1
0.6660596873379331,0.531686019595247,1
2.6742942798902445,1.4440598403636529,1
-0.009260601337029661,-1.839199741860773,1
-2.134229513862077,2.2959860415564446,0
3.9028387395179682,1.7877657239385893,1
-0.5185741181117214,0.7840352960858803,1
2.259957203734364,0.8112499417134466,1
-0.414924508092129,-1.3835187275994432,1
0.9059503479765834,-0.7337254030192901,1
-0.590444321110808,-1.5183306599210593,1
1.3460830964255424,-0.3284313211977763,1
0.932830895174648,-1.261624446359542,1
-0.9780072207276489,-1.0706481921864721,1
-3.4064526984338306,0.36144742081051595,0
1.4989617318521438,1.102122711829858,1
-3.317451275101565,0.16414014409125424,0
0.14682496158667466,-0.7452962975307356,1
-1.8839970605646863,2.640543510482044,0
0.4384579851173027,-1.310888537400463,1
0.7877333319357196,-1.4528375571953567,1
-1.2520672868144223,-1.8182710108747009,1
1.4254210287010678,1.972250862017235,1
0.23934489059046335,-1.969132576082686,1
0.04469748370420398,-1.4768252654457126,1
-0.13315822427021903,-0.29306672733704886,1
0.23058568314683445,-1.0161212486568791,1
-3.212607971995819,1.5412165673037228,0
1.7686246469648008,1.532976032831,1
-0.9452564143886479,-1.2834511555628292,1
0.3268551709624927,1.145519213888631,1
-0.6990457287775027,-1.6421101775125342,1
3.012854071205387,1.4223001658232337,1
2.28576588106389,1.2307414902621514,1
1.6303604206029305,-0.41038156110333524,1
1.660074290488202,1.6319056165176706,1
3.36751295356415,2.221554765093826,1
-3.555082614376763,0.5281882007026495,0
0.9509498561708003,-1.250665836510284,1
1.8655551854947336,0.8630765402788487,1
2.5771227695261767,0.6860336450873916,1
-2.9637672580898253,1.2939826360111757,0
1.2683085775287264,-1.01494327243802,1
-3.0761704745436305,-0.06713956546544586,0
-2.766065856193643,2.198035433164205,0
-3.0382058538394454,1.2911252612733444,0
-0.5915971144265558,-2.196494218802012,1
-3.043785211517312,1.3196936406971076,0
-0.07610851130432503,-2.078664132528349,1
1.9530559010802546,2.531346088958553,1
-0.3498053483785379,0.8305438832658136,1
-1.1916756965177508,-1.8199795620132324,1
-0.08751080621129889,-1.8683270587663672,1
2.9804116933437226,1.2523623055032174,1
2.7899414871886528,1.9592071451039694,1
0.7801637774908919,-2.0805586845119994,1
0.7237782195655951,-0.7868788216414673,1
0.1529037758455247,-1.826616418619826,1
4.044148755449167,1.8536881866252295,1
0.33258272471961015,-1.8991395417394696,1
-0.6867667517471078,-1.4015033819928087,1
-0.7738126172532271,-1.4410319149345676,1
-2.3230458070619906,2.4737758568504327,0
-3.2118485111541197,1.0158171660185,0
1.657448522766216,1.3009267292165319,1
-0.19504346264235037,1.0961822995108959,1
2.3692326331350326,2.415820469584651,1
-3.4815296088938883,0.33247090401986823,0
1.7957889021565838,-1.1761114005759967,1
-1.3137979723080133,-1.1693142570146366,1
-2.4146795354656327,2.574879396952165,0
-1.5118424422732526,-2.085960401883211,1
-1.0775014451189255,-2.0750654197272294,1
0.41856793538967485,0.8110798890634037,1
-1.71940850100543,2.844020096099137,0
-0.42474905062583845,-1.7868029264723955,1
0.4899618806744884,-1.6755254759410367,1
1.3553650172412657,-1.9883173721348206,1
0.8449756139505478,-0.48649500145252866,1
-2.8899685307171055,1.4914034260580746,0
1.0171844848762401,-0.31963602256362833,1
-1.7474617916909077,-1.423743730450309,1
-3.3303768503604134,0.14160847066725513,0
2.0183484465639405,0.6166292228739415,1
-2.2371239161964156,1.2025534530701676,0
-1.1659435140184682,-1.180161249890115,1
2.5173986510280772,2.676381155116408,1
0.20219520192151805,1.0560249392279233,1
1.5127628305339682,0.8856189570799635,1
-0.8094065498877471,-1.665084797765565,1
0.33967600703343237,-2.5139668117754574,1
-2.946717165188849,1.9679206502376196,0
-3.112499306671322,0.8328874002806395,0
-2.3674475053190234,2.606306472255052,0
-1.813905044069803,-1.9668507560473278,1
-3.0871182078571096,1.5758307952098725,0
0.5467272519064956,-1.8591927175625442,1
0.08196787416716908,-0.03570163972362794,1
0.14525516930497426,-2.2953482254860784,1
2.355200076577426,0.5087975758581802,1
2.717923545091261,1.1282467720828673,1
-3.358498941110602,0.6388943509947584,0
-0.9517139785668253,-1.7187544764392237,1
-3.379556815982911,0.5495947447509755,0
1.3265239323544313,-1.079370452057301,1
2.2441166575553892,-0.12454095943914179,1
2.8371015159140374,1.0981863022323692,1
0.7836655709955813,1.077876870535771,1
2.467135703589913,1.158269427842435,1
-1.6382819259619008,-1.9408214672865167,1
0.6228865435678458,-2.5506235056874766,1
1.097720949009937,1.5136167395365332,1
3.069057150620662,1.8252427033176777,1
1.8089943648316444,0.5955434686341978,1
0.6219887354715389,-2.503578328089308,1
-2.8877171652580773,1.9425377684054204,0
-3.236521849452512,0.2872964162331251,0
-0.8565884973154874,-1.8272033253596485,1
0.8752113516454851,0.48915801121697566,1
-3.2539756552759385,0.5065494479807362,0
-1.4163395569963761,-1.0930550678335835,1
-0.9561810502545303,-0.04692732214556544,1
0.16419030554509115,-1.8839787478096413,1
-1.4427823855189397,-1.0679711241056382,1
-2.630284650372341,1.495034171765463,0
-3.4979834657617968,0.30585461206359876,0
1.8450467852928047,1.4458936592913587,1
-3.4493353495925816,0.4066742988826652,0
-3.412425703185427,0.363841378833333,0
-2.7689216246819126,1.1041372570778403,0
-0.7403022422808729,-2.252866860535064,1
1.025264427955537,-0.09974947066620582,1
1.273974363623847,0.661552127974724,1
0.27418147591299513,0.2699465892386118,1
-0.32266030952042823,-2.116367448152232,1
3.400631467043364,1.6957565148678009,1
1.2784443854929537,-0.057913323134007044,1
-3.2997305115777134,0.8889386062586699,0
-3.199168281041873,0.6907249232229868,0
0.9380318162132228,-1.15394806528538,1
-0.4096497910063494,-0.6610620321620828,1
1.436703871809595,1.9684655844926013,1
-1.1278583224959018,-0.9067353342516038,1
-1.4006449600301656,-1.5496458287520793,1
1.0411011134829897,-0.050904626739282144,1
0.40496827969613014,-1.7702191803757894,1
-3.2603249385886346,0.3765782451123047,0
-0.21918151549533704,-1.4289465893530382,1
0.31935480469704614,-2.0600475878546414,1
0.061076106361835886,0.19584955476243818,1
-0.47931451586329743,-1.849303525713378,1
1.4232440452642987,1.1000371673033067,1
1.761645555810303,-0.1378763230810378,1
0.4731610739743488,-1.2316297662343232,1
1.674617911593651,-0.0051286342447433575,1
-0.6774847138228647,-0.20928119222965613,1
-1.8713936095772505,3.0055960787980864,0
1.9617783154708677,1.051637105466621,1
0.8942564605537799,-1.1172187910683224,1
2.565321322225912,0.7477473152463964,1
1.2128829159957977,0.8748164345435492,1
-1.0218612503572146,-1.4831336801378,1
-0.0404023661083098,-2.116006631392069,1
-0.5717176262695707,-0.8710212290694901,1
0.2783969381217084,-2.6422562314442937,1
1.840233706891637,0.2154162934571969,1
0.8137266071054974,-1.9073563399502786,1
0.648132148627711,-1.6914960845263658,1
-2.6299998141692873,2.1588449257856897,0
-3.123804113361204,1.2478140663643473,0
2.8863046198618783,1.4859860104530618,1
2.2777393479253107,-0.7690704244110136,1
-2.5729528987063497,1.6068524006964386,0
-1.5376892825431643,-1.00671869321374,1
0.4141713204631642,1.2401160422188553,1
2.05751145631729,1.3020491267959524,1
-3.4242050144011844,0.9868087580123657,0
0.1844555686236614,-1.3152696137205135,1
-0.35131156592227086,-1.0655610230225103,1
3.2758180269070802,1.1429294104861412,1
-2.8235915604769772,2.1269501499642725,0
2.9615867728967813,1.2014967376165653,1
-2.0740690911180653,2.4176038583679023,0
0.34429112908370907,1.6540147323804832,1
-0.029953598668310377,-1.6516893617691015,1
3.5091312588308345,1.839864934087182,1
-2.613663261018788,2.0156843411576606,0
0.8816504726793288,-0.183187580074478,1
-1.091620852284823,-1.556302377137628,1
-2.2006196904295723,1.986749954291966,0
0.2205873046377129,-2.6185051351706283,1
1.0513231453032787,0.9965737654657141,1
-2.4795225432474095,1.7953733274451693,0
-2.4564534160049916,2.4873402242762874,0
-2.594153078489835,0.3691183011267186,0
-1.1003603764707666,-1.1727676932286055,1
-1.2417705321995056,-1.8975033604789302,1
-3.4584651309916215,0.7447491491539417,0
-0.0813233575515214,-2.716981753175965,1
0.45826229431853127,0.7674472758309614,1
1.3477868591693487,-1.6879327300289777,1
0.7173833263656818,0.544387949213095,1
0.7598637625025527,0.9726218731321941,1
-2.771761623905048,2.0856746367911776,0
1.3962106494728859,0.50315700686081,1
1.9119955506322899,-0.10715091313184244,1
-3.50741644080667,0.3084186739341642,0
-2.87710853408231,1.6890313880849197,0
-2.6909050771269367,2.220725768880313,0
0.18859456093005986,-0.25056282594067947,1
-1.776399086305667,-1.9454177652924565,1
-1.0700844166556163,-0.9048914954767933,1
-2.6153229508819056,2.4400615590421486,0
1.1078252046688777,-2.0180330912971485,1
0.5528273766198399,-1.3179150307850689,1
-0.7950187719215661,-1.453243328938187,1
0.473504617785672,-0.7872075421126932,1
-0.28816996901695746,-0.12101386136853276,1
-3.347368856963586,0.5702903508731257,0
2.863638790609484,-0.0279215744497488,1
2.275567456117252,2.171608606020685,1
2.032209408906739,1.9796976194506308,1
1.5051980581954936,0.20872319076656382,1
0.2790076803179561,-0.13175143503523645,1
-2.7761364591504285,2.2084287649293515,0
-0.941628986385404,-2.22276841619449,1
0.3861690587284887,1.003332250215234,1
-3.040955169812003,0.6249729824091982,0
2.915546225737179,1.7708941384766366,1
3.0803662689460487,0.13407330084591906,1
-0.21438452449178172,-2.376646280183483,1
-0.40910801654531714,-2.024381040742979,1
-1.6394546342680463,-1.938768054259822,1
-0.6174588507281648,-1.3714846663988471,1
2.971693635734792,2.147320911675013,1
0.23772963902557706,-1.7842743524418134,1
-2.989385718347823,1.2219872852645604,0
0.607761428591702,-1.3292584733389743,1
0.18716474528875768,-2.0695182008148847,1
2.589518783052879,1.1688223208018254,1
0.6129441431005197,-1.622255022925558,1
-2.2703917487474876,2.1237695539729984,0
1.1336753071559822,-1.168585929894392,1
-2.325953513589872,2.5519407616840337,0
0.7919755057497013,-1.3527174642398774,1
-2.9123547920189097,0.9362580097656517,0
2.528655737456877,0.6136538597299805,1
0.6449627513499608,-0.9732153614833596,1
3.4244749706171738,0.5450479369361774,1
0.05285479884905339,-1.8046861728655004,1
0.14074739477777906,-0.16049867763381753,1
-0.3357260650906583,-1.7120221623407414,1
-1.9564484432834752,2.901332467020588,0
3.037593533768969,2.0682865532161667,1
3.7826342683041068,1.416154301791979,1
2.375470111407923,0.8015868469621926,1
-1.4465688187791743,-2.1116202112409725,1
-0.24717691856707513,-2.7316992272253566,1
0.26164325546916767,1.3714054746339417,1
0.7738584108680024,-0.6599922047954048,1
-0.2615493997161482,-2.363825970830656,1
-3.513829690804412,0.3118965657778402,0
-0.3758589294150231,-0.9797045840945589,1
0.26170194855613826,0.35982386196587285,1
-2.529826700475788,1.626663520871603,0
-2.978308684412204,0.592860822803508,0
-2.295359206485186,1.8563307313923827,0
-0.24731554418270352,-0.23301480315647605,1
0.740060735770733,1.717101586264379,1
-0.1664254092162101,-2.4485730330808755,1
2.6416378227184576,1.5034946183011657,1
-0.006200939086347751,-2.537279365847863,1
-1.317145841119994,-0.6085739762546407,1
-0.3478511395064755,-1.42665267601484,1
0.2523587160001636,-0.5911503124851698,1
-1.132310968968167,-1.232842416948015,1
0.6093672859027872,-1.1640534971070517,1
1.1834054337608797,-1.0863313133461776,1
-0.16564994362579466,-0.09855151171304943,1
-2.146623902749892,1.9835850638270216,0
-0.6425611724980141,-1.8810837610195104,1
1.8726700337341666,-0.9745726483784163,1
0.7866664684875576,1.3695091764272447,1
0.15037891366351627,-0.5671812877295372,1
1.5469888804384215,2.291046751715152,1
-0.09657592248838862,0.006523211638889581,1
-2.10542038908916,2.6874919863690785,0
-0.36992622960935384,-1.4132365229501276,1
0.23123846711346172,0.7212850034088996,1
1.8986881080999727,2.3083496589406556,1
0.6906171622603222,-1.9229544584880496,1
0.9322714355349149,-0.6374644000857193,1
1.1859092979165862,0.20345258885212994,1
-0.18072427532928656,-1.954506704349618,1
1.845288799249439,1.1022516878973436,1
3.6418630688089917,2.023267919972517,1
-0.6301953970478515,-2.487682620693609,1
2.1487462091892193,1.9761955050271383,1
-0.7556242531969902,0.42133557433655905,1
-2.5390525831708746,1.9989520920000072,0
2.2220296025472934,-0.6358917819872922,1
3.428131817550963,0.7621119845999145,1
-1.6886364546297636,2.7834856603358173,0
-3.1810925617063006,1.1056260003927565,0
2.1776500467139863,2.1478857874022843,1
1.8886836808813603,-0.191068741210348,1
2.434729531006663,1.1028903125051228,1
1.96021058308879,0.8894944377864795,1
0.45609653388507165,-1.7153200828664854,1
0.987451682608149,-0.41937836051023814,1
2.865806306518649,1.7778402343155666,1
-2.670370984768739,1.6596731607533366,0
-2.325358913323088,1.5668423660772441,0
-0.5816971818970386,-0.8320963397343346,1
-0.4869141594295556,-1.8283491811893073,1
1.3000776279100532,-0.09257321109206051,1
1.6028083597056275,0.4049484236183828,1
2.429054242008021,-0.7046117119105939,1
0.4128917273059828,0.5849995034734194,1
-3.1854253089206623,0.06844813063901867,0
-0.23386379404495092,-0.3313673171207838,1
-2.7658646829431985,1.2631830783630265,0
1.6236244939346722,-0.3765953416137193,1
-0.46336325410414314,-1.940041402679081,1
0.5991685486086737,-1.9835460672251992,1
1.9912712869165083,-0.024362357726988193,1
-0.10853299366239785,-1.9909750827548738,1
-3.411693240125427,0.3628718996274968,0
1.2987640315732627,-0.039358415082914044,1
1.1909092067762477,-1.2288526739838694,1
-0.8975534915886488,-1.3244561638217907,1
-1.4813153591636896,-1.2350310306503738,1
-2.1676363673465757,1.8400849566530308,0
-0.06521438728442766,-0.46646559618024686,1
1.0975822983361443,-0.2034744701556922,1
-0.21606075116669413,-2.011263005216117,1
2.9638077152048887,1.7722758204574376,1
0.035556437023169296,-1.6773325802797263,1
2.9945401317843365,1.9937803794036797,1
-0.3065309909018882,-2.6593758504838494,1
2.0160543774928295,2.2013198472527638,1
1.5097985993554388,2.263270434771677,1
2.475432408863497,0.8595372575308979,1
1.178471589136725,-0.7321029067327927,1
-1.0400124975797664,-1.5138943982723658,1
-2.6362936456657824,0.885808011229966,0
-3.3502909087884793,0.14702149017178223,0
0.5953285778697074,-1.0249610963769111,1
0.625218209446547,-0.3032791207777461,1
-1.8478573204570674,2.570795989607297,0
-2.347119918440948,2.364822892601615,0
-2.3115539947352586,2.200346560297948,0
2.389691731386009,2.6359262178497,1
-2.5684668411820275,1.5482555854152344,0
2.122443945233719,0.5928300065023879,1
0.7912241662070252,0.3024145499812629,1
-2.8959131937917895,1.987018776618593,0
3.432443206383495,1.8063543273115186,1
-3.3831589656542755,0.3610339589894222,0
-1.3005902555659619,-1.6488958105192615,1
1.4388485843880379,-0.6615271701481997,1
-1.426182764290648,-1.0870161963123808,1
-3.3750005556373974,1.1131636008067316,0
0.05012203010406638,1.0577058709456202,1
-1.8291701278755523,-1.798850001186123,1
-0.3156254736324904,-1.0981170397619018,1
2.693259007524348,0.014231308064091008,1
-0.4174054256450386,-2.237915946104435,1
-3.1426829197926276,1.2255217329519885,0
0.4138040160400448,-1.9553223948137952,1
-3.397872074871835,0.5018636981652338,0
0.49788512751735503,0.03742448502660556,1
0.5263845490119867,-1.137911182586923,1
-0.1444163155702576,-1.4268136255220167,1
-2.6178723271586097,0.23495136753073168,0
0.435635790374455,-2.4833170206366324,1
0.6913577463937891,-1.7507798011164297,1
-3.3267506485663723,0.8631245690000419,0
-2.97715570174278,0.18420521589523944,0
1.0856104506099113,-1.0819093263396253,1
-3.2361865302682946,1.4196819441011728,0
0.9022819434223268,1.2064430549096803,1
0.5321515424267699,-0.5919528882066909,1
2.0350255683877703,-0.7934582738914016,1
1.9015974574962724,1.7809064243132493,1
-0.8323097870127099,-2.0927903017945155,1
-0.43064731606166684,-0.11440348214746399,1
-1.5737517059156032,1.9979632472080224,0
-0.6031849785890031,-0.5409743614361444,1
-1.0247976931756928,0.05128549485264494,1
-3.457264905681895,0.4083700283847061,0
-3.508686165408646,0.33614718277913536,0
2.3612671692260037,2.644283318393267,1
-3.422813128662108,0.7141507972620098,0
-1.9560438193146787,2.8779916835052948,0
0.6389221266926236,-1.5550554366761986,1
-3.237638813288821,0.30399125345712685,0
-1.0499962887109433,-0.9568700003189774,1
-0.4391235536538142,-0.6041079114609718,1
-0.2707182997467962,-2.361359983076442,1
1.0654034028068273,-1.1587013403062592,1
-3.112185171246322,1.1791057624504688,0
3.336042216454674,1.8630434950444739,1
-0.09256512486660765,-2.150754308845041,1
0.47055733391149823,-1.9129101544835758,1
0.569089286861697,1.0480461027939527,1
-2.87419544739086,1.4175904867043014,0
3.418725453674474,0.7834822630091982,1
1.9462311592806347,1.6283312959522707,1
3.354557558098129,1.9756673954349238,1
-1.1334009886723582,-1.83438688420883,1
-0.884405670869073,-0.450709362965664,1
-0.9603091070673354,-2.365855774784192,1
-1.433866918751517,-2.1168074776650254,1
0.7497833191207378,0.3131047451612862,1
2.8334340454814813,1.2570517841403213,1
0.6410537654053814,-0.49118740014635986,1
-1.4934010244688358,-2.061114057985608,1
-3.354326811778328,0.20943355731769786,0
-0.025124566925156466,-1.784675566980514,1
2.3681853980417475,2.6165425977273693,1
-0.07513724424272797,-0.5243321833032566,1
2.881199704046918,1.7010210489266109,1
2.9380402829386227,1.3915800839616577,1
0.7140310321764421,-0.3446124140057908,1
0.9979985429462814,1.0232326193262793,1
-2.930232342011274,1.5261142371170862,0
-0.48300870036412313,-0.8563491341867879,1
-1.8648112016979714,2.6345553644284165,0
-0.5056202223624223,-0.3726448603831545,1
1.9998594512742354,-1.4027654715560522,1
-0.7159271809683798,-0.9345833057224366,1
1.8064034268602047,-0.6825857584776911,1
-0.14978674757406438,-1.8640818975115887,1
-1.4308471937043856,-2.115893647691915,1
-0.14333193378297865,-2.018570272584226,1
0.11310456886850986,-1.9830043461189288,1
2.0619081645634636,0.6526399625596409,1
-3.201566201291525,0.3512696117949167,0
-0.8802231979826861,-0.8308462339900418,1
1.8019292498910013,1.602075003624509,1
1.7934942644705874,1.5805757469040853,1
0.7779292375947702,0.902901382468062,1
0.21534696741245915,-0.07705844735111222,1
3.2139457703699597,1.5629257574539894,1
-0.9753387889410848,-1.5082518533494549,1
-0.141586429335408,0.5391353504578654,1
0.5681454328860159,-2.7527194495123863,1
-0.361616492042919,-1.4995449965532044,1
-1.9828484744078918,-1.807829825236892,1
-0.4291993610076442,-2.082592025499456,1
0.2688762888187748,0.4264548487548135,1
-1.9960846757756745,2.6485566387412214,0
-3.1823105102801974,0.6483415868716496,0
0.9485848198778097,-1.4837201155577981,1
0.9223735753885891,-1.0874663535842257,1
0.3933305076669057,-2.106188845489191,1
0.9702452619109623,1.4246277093442063,1
1.8855477074385585,1.7717594802311074,1
-1.1122463215977807,-1.9784600753022983,1
-3.1823951729202413,1.0162405233870686,0
-1.7670353334786046,-2.0156698898476746,1
-0.4085777910288236,-0.29198586471577404,1
0.08252531203867217,-0.2961991630696106,1
0.012377434484571237,-1.6268989645796035,1
1.4116549093215838,1.7545817947984375,1
-3.5213424476167847,0.5470510521349335,0
0.8910309009369648,-1.1243692009131376,1
-3.224736544901245,1.0054149180436256,0
2.135860309414239,0.44823836299676,1
1.298006922860864,-0.1788866337669781,1
-1.1135602176850528,-1.4915021511710984,1
-2.8246100231985394,-0.4533567048232612,0
0.30456258643073586,-2.6372177399525,1
-0.9001882693160195,-0.944190126645241,1
-2.6289507451654646,1.9575413550687808,0
3.5915252553051285,2.300727687427762,1
1.8942454799795099,0.7036345937938329,1
-1.9147310385528031,2.0066037254679445,0
-3.5367634742796095,0.3163957553092567,0
3.157303308577523,1.7149002076436417,1
2.8864864612346923,1.8099016760741717,1
1.6259294858421036,-0.7085338528979195,1
-0.29956981133326627,-1.035599598344111,1
0.45063353429379316,-1.6045673218755958,1
1.5891631275280236,-0.21357446902068933,1
3.662381927304802,1.3739509134817687,1
-2.7473674323595643,1.693091293936408,0
1.4057724589811247,-1.2865446069144941,1
-1.6207346166009107,2.5934482063134143,0
-0.24229986753092406,-1.7177998736275142,1
-1.9497845218211667,2.281761877027308,0
-0.24827800120165128,-1.818634962475389,1
1.7180230376079284,2.181622181695598,1
-3.4967123058164993,0.39009324090716063,0
-0.8425249530724581,0.06158921420255731,1
-0.9561000004601371,-1.2518389022611398,1
-3.3448896537827855,0.6659890440030228,0
2.6560483489832625,1.2948340249807904,1
0.18599251812365744,0.15840216305234378,1
2.2706270887811177,1.7655499150113374,1
-0.6441803336361771,-2.0832228971416766,1
0.8979309548495926,1.3961921862013633,1
-2.812385351463955,1.6735888426072627,0
2.075423430373624,-1.094251847819755,1
-0.25594717406972556,-1.9988418383378663,1
2.394580602681347,0.9674506732824804,1
-1.2957736433735303,-2.266848782922377,1
-1.6472023930315758,-1.5265034016382566,1
-0.20793619511646086,-1.6755036906417375,1
0.6604551443298262,-1.871412811320337,1
-3.5274550992025624,0.3156002107019904,0
0.3137616346300699,-0.5250042973457478,1
-3.4761810253079415,0.4382221629440405,0
-0.2940639724020239,-1.9976866480067028,1
0.4704703167729505,-0.9902262330908695,1
0.9186952092428615,-0.8291337834886232,1
0.4647478047610528,-0.4241499210803802,1
-0.7661519399745702,-1.1182505196319572,1
-1.5063265767331506,-1.6236977070843546,1
-0.3700943944314559,-0.9984638224268847,1
0.991765738551091,-0.2669235520642559,1
-0.5452410953641212,-1.1818675091146364,1
-0.1586530854882046,-2.4516971886419094,1
-3.107215432696262,1.500717780590584,0
-3.1947910515232225,0.8795804979056734,0
-1.4575065668355895,-1.7225113166241695,1
-0.7827128707565024,-1.127404836732518,1
0.9947319737989657,-2.5908258709671026,1
0.34233935161152385,1.9117751978958049,1
-3.269897977922984,0.9424809877290516,0
-0.07575963911044495,-1.086708846533518,1
1.5502184526045877,-1.1097682208555806,1
1.4627450525078711,-0.7305845386039682,1
-3.056596648269157,1.6547003678511105,0
-1.0290453331375435,-1.0018506183160905,1
1.3463678149684597,1.6498903796659785,1
-2.565705617907459,1.6221834236987376,0
0.9304112839230667,0.9283814355862496,1
1.309731335002619,-0.5542996688884647,1
-2.849264897005504,1.0933117049736023,0
1.0212571602658866,-0.9770775170154251,1
-3.1419456832822035,1.2790971319682187,0
0.3738559570072363,0.4425498179308078,1
0.46081831884380375,-1.6574596477154953,1
-2.1894423341697093,2.274944223592512,0
0.4483863739913744,1.910276580639894,1
1.143941966058783,0.005215629870250371,1
-2.895347561014639,1.1925370384677751,0
-3.482159185120765,0.3574382536888022,0
1.8136337708346375,1.7335678678965667,1
1.682005194032383,0.4391712536815226,1
-0.87045013163985,-2.01251520641812,1
2.336290201634678,1.9410919992298048,1
-1.5703619220467113,-2.291955896867708,1
-2.4125625128862054,2.625428663252593,0
1.1836626480829586,-0.30743737423322837,1
-1.0652918720208906,-1.8287063620396817,1
-3.2379481604401708,1.127248257005215,0
0.7817990134557091,1.7305493647516426,1
-0.8902968889516545,-1.9152099165379122,1
-2.3753226713707307,1.9609923549725226,0
-3.3707702721710713,1.2834059800569708,0
0.7160897997383656,-0.06747868127132961,1
-0.21535829991249508,-1.6154338421172394,1
-3.4157781453480984,0.6694617594784511,0
0.2371466051680672,-0.1520631662225378,1
2.2489020292242965,0.43793566881199686,1
-1.892534096882365,2.4782971611545057,0
2.5253460575414537,0.3924123077052257,1
1.3338596555855373,0.6678295520568314,1
-0.934713604345714,-2.137460828189053,1
2.4156892920661592,2.457600781396017,1
-2.6021675132610644,1.64610163222578,0
3.6607523651015956,2.511456510934489,1
-3.4548584027094944,0.43042183964482716,0
-3.174575740140973,0.28721355002161114,0
1.1505397097260308,0.6009510479848743,1
0.45010073786422133,-2.1946216922221087,1
0.5990071736737306,1.3601741328221753,1
-3.118061151375169,1.0538739287673757,0
0.9197504562930854,-0.5053027713990024,1
-0.6546379652742342,0.5068429668828802,1
1.6172425248337936,-0.5557625397474433,1
1.1536760442573597,-0.6460460642727008,1
-1.3083310286711534,-1.2278172400115543,1
-3.3062830380112924,0.16128844652693655,0
1.3845980335531605,0.8232563736650997,1
-2.6644928485129817,1.8292337904270464,0
1.7065020980884615,1.9113313911300456,1
-1.4542848783228486,-1.8628923547302167,1
-1.4416084555365467,-1.8773520652977997,1
-1.4844309929265527,-1.2549957497061706,1
0.07591176368164074,-1.5324446744215399,1
-0.11483365510909052,-1.4128132821700434,1
-3.421998812652856,0.45295782085431446,0
-0.7520079243958838,-1.191796621521459,1
2.6441280670530403,0.9286322832642231,1
0.7259539090676401,-1.8195688529675778,1
-2.476099938339528,2.699294369862373,0
0.16730909569030847,-0.28926404718466203,1
-0.45170595779357714,0.32197919108232953,1
-0.8727535626578794,-2.026554856323999,1
-3.04878524649083,1.772429065425628,0
0.028538640214680527,1.0954580796298092,1
-0.6021127284993794,-1.4069130928763234,1
-2.147613744271309,2.6216751083237293,0
-2.9032469694095515,1.8690906210508311,0
-1.0116362775094756,-1.4378505403079893,1
2.4510321448887273,1.1266634100051822,1
-3.521166449172647,0.3138908361216134,0
-3.420610181755352,1.0513133463611815,0
-0.7519828047745156,-1.3490324448955633,1
-0.6499236246566401,-1.5223358717223323,1
0.39884645990775625,-0.40668521542864355,1
-1.2293340642704764,-1.7580001017993316,1
3.379493441421691,1.748039947404123,1
0.8755890820669543,-2.204791302040388,1
-0.7294043284654609,-0.9243118681078748,1
-3.0390575960685595,0.9661639498138976,0
2.3552292589305566,-0.6862796479202038,1
-0.256331670332025,-0.3135701350998845,1
1.9245543172083066,0.21145586568762242,1
1.4402181880294136,-1.6753957638023151,1
3.5044658814990552,1.44148736097242,1
1.6893222748428174,2.095262825406828,1
0.7764480150512933,-1.131717485974514,1
-1.6468844998198722,-2.159099449863992,1
-0.6870619382130303,-1.9702618290448863,1
0.4579281591590988,-1.0476520982298625,1
2.0073066805939606,2.24093395983696,1
1.0553742476427679,-0.3273169573172223,1
1.220672683439289,0.7506475017673568,1
0.3861557450061256,-1.370102695770629,1
0.13440286278338318,-1.1443476099877457,1
-2.2021721018813527,2.95833138862721,0
-2.7025799612150094,2.2044778875317084,0
0.3133902045677065,0.12076737592578646,1
-2.0030032888673905,2.2774152073934166,0
0.5753749682384331,-1.6976769704714547,1
1.5324058667328462,-1.7734038188241215,1
-0.1068873544293632,-2.2193509454513825,1
-0.10987123728355283,-1.3335355282445875,1
1.7137854432193733,-0.34486692631959204,1
-3.1409175630821067,1.3235344780519802,0
-0.19419713816285344,-2.263881130327506,1
-3.2297447064093476,1.397575929683829,0
1.8914936434188945,1.6692180752536356,1
-0.5453822331267281,0.03490539833995793,1
0.3447616092464981,0.8727529417239015,1
1.88180476087809,0.3502608344801329,1
2.5960731991147528,1.3306460106240814,1
-2.056828691137743,2.6055706342270755,0
1.1476961409038446,-1.0332721755355987,1
1.255681348654683,1.5187904062974988,1
1.8924719021830911,-1.453314956343161,1
1.2916627830785843,-0.5160055987487404,1
-3.1746793510369957,1.510082725146259,0
1.345757182392053,-0.3443711474044602,1
-1.5656583378140132,-1.2943418770237465,1
-0.638647894240117,-0.4592358508420247,1
-0.6427586915757216,-1.3905276743179098,1
-0.24100934953935146,-1.7649510050683226,1
-0.6909335865000045,-1.8502482511125269,1
1.898530602248843,2.4193857345025442,1
-0.6379301893782572,-1.1808653991891422,1
1.3401985302152608,1.186653708556054,1
-3.46846288564433,0.3813390455380321,0
3.4665788507345288,1.7886112233750682,1
-2.9325490184901675,1.860175068697082,0
-0.24994454520413334,-2.9360252400875275,1
1.7761483080387614,-0.3635568951153285,1
-0.2370373224852001,-1.7591047552934782,1
3.760275278766717,1.2701906943971104,1
1.7499186674444807,-1.187212618890245,1
-0.13579141254598928,-1.476403117710386,1
1.3317904280919133,1.1085556525110656,1
-2.753435365577296,1.3984711271115486,0
-2.991404157898466,1.2463904102756347,0
-0.09069002176018462,-2.634856175145437,1
-0.040125238738742186,-0.31012497946577167,1
-3.51697401581937,0.31275125306802887,0
-3.3998429072077685,0.16840786307860023,0
0.6239776214839379,-0.3834264295826739,1
3.528500722548841,1.2202555584544377,1
-0.3227864392975381,0.302827231026273,1
1.0090254747397711,1.446275408474911,1
-1.6288837517567625,-1.380200630669555,1
-0.39103382387682895,-1.752473207193367,1
-0.008741865686212824,-1.3706795388220625,1
-1.9564083801422316,2.6053025146482387,0
0.6948616209343131,-2.504527745320044,1
-3.152133048767652,1.1586135796066932,0
-0.5775729596043933,-2.090762064944051,1
0.19232243456410833,-2.225481849123021,1
0.8722042054613661,-0.2432271874995784,1
2.397038917013638,1.1352240607313646,1
-0.6174934970201943,-2.4928698871176618,1
-0.8298638549611776,-1.1149242532273231,1
2.477787425989112,-0.6554246705761357,1
3.3374772747314667,-0.4874832762757896,1
-1.6038189507651917,-1.9484545102152913,1
-3.24106855101624,1.269185796097497,0
2.1944322841864587,-0.29916843032881335,1
-2.838688606599011,0.47259775653115715,0
-2.578318520967195,2.502803627055093,0
-0.06906381905239042,-2.264755329194978,1
0.4088249524707368,-1.5054792366576306,1
2.2739360809038582,2.536263513152583,1
0.565846801152472,-2.4360835088022834,1
-0.35710627810441176,-1.0864858306818201,1
0.4224399751902428,0.614128252144909,1
-3.129127749550322,1.0283996683559609,0
-0.1516456801508113,-2.0079461142592763,1
3.1372711726030356,1.384925542865688,1
0.541135360308549,-2.7436808364307947,1
-3.0413291332927326,1.748538162313818,0
3.5210774552637862,0.6471539791980427,1
1.073878377625525,-1.339488694601072,1
-1.465434768868921,-2.1064920874998414,1
-0.819813903720349,-1.215615635109606,1
-0.02336314303347764,-2.1774556271400356,1
0.32226931314274476,-1.3108349092825773,1
-0.15494765705410726,0.5772409580097407,1
2.193283032493791,1.6161666283448615,1
-1.0432698967001803,-1.3462712593493875,1
-0.944306257240991,-1.5185507222467625,1
-0.8467532430110668,-0.6992041092045163,1
-3.0479123353400044,0.6171077459956756,0
0.22773230418991405,-1.7261052505196979,1
1.7604892130493348,0.5302033423397754,1
-0.9785344214005652,-1.8113277351593036,1
0.978290933453178,1.3351822904376784,1
1.5529817152176406,-0.7250652404654319,1
-3.218319024957591,1.1729654765847122,0
1.3393511635385842,-0.37193497760133565,1
1.7978783119453208,1.2780551753685694,1
1.8798389262311568,0.005075473327879831,1
-0.22671587574822874,-2.148832226017399,1
0.34855064422419235,0.7758767621938811,1
-3.13306603887792,0.8654551897019904,0
2.8806387132622016,0.03160383122405558,1
0.03466135882828203,-2.7225325646219165,1
-0.9146461365503097,-1.9052567731242833,1
-2.2333111382701447,2.929027065455516,0
-3.256166089449537,0.6298562222811736,0
-1.8402857655279912,2.734009457905639,0
1.851559557894612,2.2988770098080185,1
-3.5032774304195073,0.3356490796927526,0
0.9695479660690309,-2.3722552456951327,1
0.9944676803395438,0.5239157522758021,1
-1.7604387282376879,3.0591596665093035,0
-0.02561641402608325,-2.017764910486256,1
-0.22455388675915047,-1.6768197021124291,1
0.809692702428316,-1.821430783082925,1
1.189017159303222,0.7403217027234362,1
-3.4054939073546313,0.4494595277640999,0
0.41233523925354876,0.4840159774708665,1
-0.7557113723660072,-2.341060064597011,1
-2.4310879524425513,2.2539823931850256,0
-3.504147076041206,0.3911762950723838,0
-0.2599621740785214,0.2230803604430397,1
3.01146346943714,1.4304554357661954,1
-0.16192029972710414,-0.5500132531430595,1
1.7969739971254681,0.6725661900895303,1
2.0783808042426855,1.4079524460019377,1
2.6363020337234997,1.9706597479948702,1
2.553541602858144,1.4707316332994476,1
1.2332708301814819,0.4799883157151298,1
0.3491630351736974,-1.388036833164303,1
-2.3699459175387467,1.9191791186185652,0
0.3708722990198189,-2.003467817447493,1
-3.3470083084692925,0.42868322795648717,0
-0.3954026497731616,0.07137205960571796,1
1.777844288114147,0.7886343152189169,1
-2.9906656028317102,1.338501857887391,0
-1.7107319018973062,1.9985153486619114,0
-1.30124099554185,-1.5898279585889294,1
3.867449389408384,1.5506200740966931,1
-1.0899645252588193,-1.7104209923387041,1
2.829209440518555,-0.2963585877239576,1
-0.9794949938025416,-0.29303559112174604,1
0.9325594130497397,-0.595846150848631,1
-0.5370407976354717,0.5241692224459586,1
2.0066607016738325,0.6933438653439804,1
-0.35408180130623446,-1.0689417086322712,1
-0.934498872342617,-0.7496417094302217,1
2.6779547691450367,0.907958025328351,1
2.099611660744736,1.500143323294936,1
0.32186629884440077,-0.6748381897612099,1
2.732639526693317,1.8735666731898084,1
1.1363321642730444,1.4831580423563107,1
-1.5221498555610535,-1.493607635923412,1
0.3264087627258916,-1.9309691214628653,1
0.1679051319168999,-0.6548450446452987,1
-0.6322916137244902,-2.487112829166816,1
1.1415224314595638,-1.235963812844688,1
2.323230124216244,-0.10164493912725314,1
-2.5167365861668687,2.3851782444047736,0
1.6460818003709807,0.819542831631968,1
1.5065558109012795,-0.8832694256508749,1
2.7827240367126422,2.2566912644717023,1
2.8871784953468507,1.0009703930045426,1
-0.916129794067679,-1.0202012976526544,1
-0.5624572357735033,-2.273085033882284,1
-2.8214512902238207,1.078405233193587,0
0.19751580727998078,-0.3377009766302752,1
1.0648903760941237,-1.3362335607674487,1
3.6363387493624852,1.2907756247468112,1
2.532919597562057,2.4318417376102315,1
-0.008792712079224052,0.3436556813520293,1
1.224811536006851,-0.5679509292594218,1
2.1186540237877955,0.31539893484865017,1
-0.8122119101477913,0.128494336600241,1
2.2753989598719815,0.4579482523867414,1
2.834415730674021,0.9047785171731819,1
0.8240541092995359,-0.3112674034305484,1
-0.8422334545891161,-0.9460788238307773,1
2.1434438726688105,0.8893506746599045,1
3.556740807354887,0.8786061185290945,1
1.4662858020188976,-0.16973580328447668,1
-1.4486650354558128,-2.1110504197141804,1
2.8838930541338352,1.0696373807304416,1
-0.37125812177506384,-0.8064655591466035,1
0.11771715604514707,-2.241147835454717,1
1.987441580067604,1.5216427587665478,1
-3.3449257671290566,0.14382849409150233,0
0.7475873697524056,-1.196419306463795,1
-2.3559742784099353,1.80993950397685,0
1.979857886876758,0.38159172915850054,1
0.1267372853434989,0.40760611270777247,1
0.13424552128991693,-1.9739535914064152,1
1.265731641787254,-0.8656952019050199,1
0.8512110375103381,-0.6754671089420967,1
-1.2075722527867323,-2.18795342825402,1
-1.6039098452274994,2.881091957275027,0
0.6218648800198243,-2.555479616796719,1
-3.4386954215230428,0.8016279388916616,0
0.935147430048628,-2.2173894134337404,1
-0.9452358095315687,-1.148079740085302,1
-2.9377396472520734,1.4303737701860502,0
2.778320715739952,-0.04765206627219376,1
2.2378913607441726,0.2437394690084818,1
2.322604440341188,0.1836328821014976,1
-3.3790410555244694,1.1389665128268058,0
3.1159494974047113,0.4644122362547297,1
0.15284047254718466,-1.9089204606312626,1
0.7373286822695165,-0.46689053739063135,1
-1.3558630989100422,-2.0373007206608422,1
-2.2135545340295635,2.706320488602765,0
-1.0304524488897724,-1.9767026105759307,1
-0.9740375591635172,-1.5715377402672708,1
-0.013802949213419374,-1.3173556228052272,1
1.3185496005933741,-1.0755925592086628,1
-0.34101334844636744,-2.198744352110618,1
1.6229922674241302,0.4155501473515859,1
-2.4908106299174455,2.4873213873958417,0
-0.7220923502140592,-1.538605766017537,1
1.3114114222847904,0.5952165184957318,1
-0.8278579483634082,-1.3517314281179569,1
0.8932328267647534,0.4969318042222487,1
-1.7145885264337992,-1.5789921506723403,1
-1.2895663590657063,-2.042636725064614,1
0.39074637641611687,-1.3797575997315594,1
0.12306606187373934,-2.8970729971007705,1
-0.08770552568044113,-1.1103056532376492,1
-0.07610935168255348,-2.638557778529931,1
0.5487803032498375,-0.9219749806845641,1
-3.4990315741001163,0.30613950782699495,0
2.3639202860710937,0.7009852590979787,1
1.42305205693209,1.5347372621902082,1
0.3986942771226212,0.11950443946892564,1
2.839665508604423,0.9237582351011604,1
-2.2695261761817145,2.867172493495252,0
-1.5345533967381497,-1.9669938136430902,1
0.574785871895637,-1.3752294392398476,1
-3.4854723160501813,0.38686475698862116,0
3.4047470421909063,1.9507870411077248,1
-1.449713143794132,-2.110765523950784,1
-0.09773283889728931,-2.2299807986532425,1
-2.310005568169697,2.0514794581690827,0
-1.8330899420573135,1.4879598499173021,0
-3.1226232204896087,1.0805573879590107,0
2.9812262142071817,1.611615390080873,1
-0.6564847846178481,-1.150919423086079,1
-1.3157209035845843,-2.1961733681900983,1
3.0815629405604845,2.0085303085625914,1
-3.5347918575707973,0.3175944810457635,0
1.6161289307596232,-1.378007668120824,1
-3.188935862002224,0.9406259534005842,0
0.13046444863310333,0.7677415033537802,1
-2.761415154287731,2.0099097030448494,0
3.3251073261113517,2.45199265741758,1
0.7145639209477384,-2.2407051627052117,1
2.4875593580520703,-0.3392057893929066,1
-0.8196549322036518,-2.1927209428947982,1
-0.1784103932457534,-1.9747881427048988,1
-3.113142842333919,0.5016112746904916,0
0.07481770331309698,-2.3877662543693416,1
-0.023251109786145863,-0.9715224110203029,1
-3.154883050069508,1.0320142985094374,0
-0.4172402456438954,-1.4905243672754929,1
-3.1574073936744824,0.6702329550017918,0
1.9694305043260256,0.8110392147889922,1
3.0660763620796696,1.905274704669736,1
-0.2153851789523064,-2.081271757892549,1
-0.5871692325299044,0.003024573221962479,1
2.4880621781831693,2.3501777177015315,1
-1.2478824856401156,-1.9228717256563126,1
3.1098595844382113,2.408733603123368,1
-0.2957683637013259,0.12462173394836729,1
0.14930443055663542,0.7095475477750324,1
2.962147992179103,2.25230311087182,1
1.3320367637943165,-0.3802386308603276,1
1.9018316884825104,-0.5095994737784255,1
2.1501462408813423,1.968653485733621,1
2.7631477381691436,1.9378960328303259,1
2.264292242485439,1.257488691671866,1
0.9969212940752921,1.616334615135425,1
1.2123810793899688,-0.9044459106177238,1
-0.29022502322866806,-2.150953085066601,1
2.811120033767261,1.3996085778035883,1
-2.0893768418140803,2.314256613589876,0
-0.5018635050853353,-2.0971084259079635,1
0.6352478077821567,-1.692102464988571,1
-3.3250050074355353,1.2366922188045404,0
0.6816043513922172,-0.5408077251598222,1
1.1089328409930412,-0.08999850297858031,1
-2.997748797601127,1.4052536901344477,0
-1.5633950009115907,-1.7704082455159051,1
0.5386554026668514,-1.3882531418210957,1
0.8543771239821611,-2.424800864456075,1
1.3674401249622927,-1.3604818679452577,1
1.9345166560000882,0.6971540809115664,1
-1.0890037400850494,-2.051533206423828,1
1.7639859285798267,0.971587364310061,1
0.48462343496756943,-0.7754855600536414,1
0.9574040304724205,-0.8785465144302924,1
-3.2534183994892327,1.0066919806382275,0
-3.162617549547504,1.5835194089107822,0
0.07467216871848523,-0.9121978026594388,1
0.9642879481330626,-1.7937403017514346,1
-2.7412967481610897,1.3128122625152783,0
-3.327107925377629,0.1389852661137676,0
0.46641579107272557,-0.036019045110704806,1
-1.674215606035888,2.7456119874104425,0
0.18309528132199013,-0.13101266180771165,1
-0.027360687935599315,-0.18928680473607062,1
1.1104923406798104,-0.4591793440744232,1
-0.22760233254509732,-0.9048455348411322,1
1.2204531940585248,2.049526359047222,1
-0.20898821003186815,-2.302072615338078,1
0.3659512041584879,1.0631739161463765,1
-0.3063142599194111,-1.6055105067910618,1
1.1757211286470861,-0.28682396488984385,1
-1.3785675228844465,-1.0158284517522311,1
1.2729617728139508,-1.94524523923294,1
0.1311719615888994,-0.9231218549375269,1
-0.03823775372423002,-0.3591783959717936,1
-2.347653333506738,1.9298085484070295,0
-0.08155391856566521,-1.766519582285258,1
-1.2884368850052956,-2.26884305326615,1
-0.6036423801312646,-2.121048859304546,1
-1.0823757285436428,-1.4455349039938856,1
-0.29713494834555554,-2.6971451781074323,1
-1.1111341036991063,-1.5856818240853037,1
1.031788601153355,-0.6900105632047104,1
-1.0824550984963548,-2.5459246048934503,1
1.0306878824567667,1.057424220237786,1
1.9157957838646114,-0.3218830916907638,1
-2.520604543542328,2.121325472410194,0
0.47826398723581975,-0.2207858304225494,1
-1.6207602300776442,-1.9126343879799999,1
-2.7678143896920298,1.5214453027778732,0
-0.42233615053322937,-1.1172947501327926,1
2.9721980705063964,1.0623373272377112,1
-1.0404989654748324,-0.7939616389757327,1
0.5417900058764347,-1.0639464197042572,1
2.7868519681148807,0.7354478474858146,1
0.9806634564457268,-1.382399711706793,1
1.7086981363040619,0.28942760909252324,1
0.21102445325261318,-1.8096212896337307,1
0.8277326678455796,-0.09872971228559241,1
1.047604965204794,1.8793132893816304,1
1.9552214178026481,-0.6435839925538043,1
2.235284393735714,0.8973576128349674,1
0.10158003683206349,-1.3777637942146352,1
0.1235757909828544,-0.02990231910981811,1
1.9867899834319547,2.563811631951153,1
0.47719682516720907,-0.6052891384254826,1
-1.7063880657399602,-1.49526590656292,1
2.4669062206337826,2.675370206771763,1
0.753119633630566,-1.3605530459887902,1
2.797235018262451,0.4848414295566047,1
-2.2125773564320923,2.7173624788771926,0
-0.5315686831179454,-0.7531298809827423,1
-3.2581713047805567,0.9796624723722653,0
-0.3994758825713989,-1.0146365712978058,1
-2.5836912554620395,1.4911562707969908,0
-3.3328177770658396,0.42427106711502116,0
-0.6899635882655796,-2.197724262572765,1
0.5336757337758301,-1.0457104889613105,1
-0.21535697003959778,-2.9454268002796002,1
3.5825880548983524,1.7106365858994261,1
-1.7499756842376057,2.6335835094945548,0
-3.288913114773174,0.8103717477047729,0
-3.402634454644586,0.5025561915625245,0
-0.7475924903099067,-1.8350561574716169,1
2.998879579782724,0.4618350151230876,1
1.8440873153066615,-1.0830092055631637,1
1.0359393226544056,0.6297778809058905,1
2.1476790044402256,-1.151819119295188,1
-2.5056081726799704,2.1746595239763185,0
-2.527462373017093,1.929441365635826,0
-3.431414934035378,0.5048645456911345,0
0.6490228611941715,-0.2832445140754023,1
-0.07199320788381822,-2.717295331434049,1
1.8602708102350005,0.39926772800320454,1
-1.7780098491346088,3.036267687662826,0
-1.4518919654048565,1.8774841552111192,0
-1.6411000731702217,2.090899820509156,0
-1.4259799966388094,-2.443706576705437,1
0.5145944354847892,0.7776572700777531,1
0.7992024413014354,-0.36681485086286636,1
-2.8355479955111176,1.367759966329735,0
0.08848365343362483,-0.12631065251259177,1
-2.178029065536562,2.02160190816069,0
-0.9274174938784262,-1.3482809809645182,1
3.063052615673792,1.8740181416329904,1
-1.1365793625710494,-1.0107642082511514,1
1.2843492438210302,0.1366954430676806,1
-1.3191006978655258,-1.8771069479695184,1
0.1549464942591748,-1.8120852217867123,1
-1.231529891532495,-1.780801393335175,1
2.872135234357995,1.5356623060726189,1
1.456438693711899,-0.03151900034836386,1
1.5420914862308794,-0.7480159998994735,1
-0.18608893200979185,-0.4870399056286234,1
2.429118584294373,0.07450806724727588,1
-2.452531530605223,1.6691429957327768,0
-0.2579836983726458,-2.4519825164700544,1
1.2066770295333513,0.44659552922611817,1
1.9509796577589051,-0.5327107069031991,1
-1.4687454004343368,-2.0994096454457534,1
-3.50741644080667,0.3084186739341642,0
0.07991213921920401,-0.05724422724195566,1
-1.8022733433515992,-1.59751597900062,1
0.5849554104613088,-0.1119569381503478,1
-3.3377136087286483,0.14360274101102832,0
-1.1983728780118479,-0.9837563046854059,1
2.5730423612162032,-0.5417776509644767,1
-0.6469651304609599,-2.48312428847927,1
0.37823790915275846,1.3018002725604865,1
0.7552120976726351,-0.9257696711421712,1
0.06684475199028858,0.5708847561405391,1
-0.08430136619999826,-1.9193506935930822,1
0.916704040527675,0.03214114369000609,1
1.6201656053552143,-0.1883090286310607,1
-0.21745318671623617,-2.944857008752808,1
-0.05194848068835428,-0.6090486034973555,1
0.4928090153562963,0.2590977566781275,1
-0.00524748634202063,-0.9112112140811381,1
0.2088163876875717,-0.09441469212412784,1
3.1032545221743453,2.048869411160168,1
1.6413135591094865,-0.4109214057608648,1
-0.9857497179360065,-1.5950976280332783,1
1.0081225888553647,-0.3777677589018438,1
1.6864039938416604,-0.07962415933978995,1
0.326642172359508,0.4234227270165563,1
-2.967213764349889,0.6559208377215452,0
-2.437903058252791,1.7634634312675652,0
0.6937409272868996,-2.045727002490668,1
-3.3742343645664783,1.030971317945638,0
1.7584725907922274,1.7277742117451447,1
0.7816320163011895,1.542330946123993,1
0.6434342793777578,-0.9745859840308841,1
-2.266251641273388,2.8858664980735083,0
-3.3072998822405504,0.9822688172673352,0
-1.2526940188241964,-1.9052879734605144,1
-3.215771865544843,1.3266409246450737,0
1.4219855913833874,1.3291067957556135,1
0.16947124516391862,0.12592068775270798,1
1.3997288230491722,-1.0868375555949175,1
0.85667990754257,1.5399711255381237,1
0.3544545589714756,-2.478248564743539,1
1.154278837758902,-1.3676391598291275,1
-0.7850557907301502,-0.8826975014996026,1
2.332228796996296,0.26784893213669503,1
-2.9986491688856405,1.3229319941006037,0
-0.2564436406383929,-0.224802180013018,1
-3.496035938582386,0.3327234923633533,0
-0.9240718891647957,0.02147970232353813,1
-3.1710972360295377,1.1965598818299192,0
-1.9699339347710758,2.681924454587708,0
-0.7461537973533076,-2.345392643730875,1
0.6261817289360676,-1.3589330537783144,1
0.5700898513658167,-2.141211601015026,1
2.298171469838971,1.7060043632939295,1
-2.280937458007251,2.0637372864386365,0
2.6936215841075866,0.7358676420117447,1
-0.5901883472650009,-2.460003457841445,1
0.6330884611781177,0.42894281989703753,1
-1.1329468561882012,-0.045965445894652734,1
3.6432799832750566,1.2864206192578962,1
0.14478639348061426,-1.9969651865192262,1
-3.0758780740453493,0.6690462091301697,0
-0.9882671077827406,-1.9649913008118678,1
-0.2001695302439297,-0.5565695663962875,1
-2.6203995986816317,1.0813343959725743,0
-0.4918818691372173,-1.980067566893747,1
3.1439296012732445,2.318335558382641,1
2.042706964602204,0.044849775937066405,1
-1.3168770881984808,-1.5576715698456773,1
0.08163997819788602,-0.7929909477966977,1
0.4744158423702085,-1.8123738713799513,1
-0.5273090126244561,-2.2123077548437458,1
-0.6250115503107565,-1.0256891527645031,1
1.0248731647848,1.011157706315476,1
0.8776781095942892,-2.6087437269039273,1
0.7241485805180654,-0.7906862460596458,1
2.9081686295196385,1.1678621601985675,1
0.38612604633064285,0.47539069976046155,1
-1.8369855184839612,-1.586345901545248,1
-3.5222145575109662,0.3141757318850096,0
-0.14716150347984167,-2.3615457477284725,1
-1.786025883536178,-2.0087732488432444,1
0.2578722091669815,0.38442478643966804,1
-1.3940418611383607,-1.655734434368481,1
0.45345765193179166,-1.684488532116966,1
-0.394498753922031,-1.9877652094828018,1
2.3218230373955877,1.9575947448368929,1
-0.6751382950657417,-1.824874848172347,1
-0.07692997098381651,-1.9925138917022371,1
-2.8246108662064766,0.7585200723446417,0
-3.074340022338068,0.4455569952635394,0
-0.564111453169753,-2.244472397439882,1
3.456393386398718,2.082068441308741,1
1.3750972227583498,-0.018444711022251148,1
-2.086676110063516,1.4700935944730715,0
-2.4114570545588556,2.3865325457683424,0
-0.28119938312998893,-2.35851102544248,1
0.34654528429216336,-1.726303900264674,1
-1.948391957245965,-1.8459515862638813,1
2.0555875342021603,0.47155462709510654,1
2.2672642265070997,-0.979587288905776,1
0.013554008983972854,-0.19275817726298516,1
-2.6025039178395213,2.362199446029808,0
-1.125320535493027,-1.7953246975537493,1
2.0808549125710494,1.776403785335153,1
0.35535816462055847,0.9042964700580816,1
-3.094651928043833,1.2912137861488442,0
0.33203652483063617,-1.7473470293108897,1
3.026995859967647,0.8666272364232881,1
2.1076398264295197,-1.2154738243883825,1
1.0765680019315904,-1.9563495181036101,1
0.43580689238849046,-0.9529182529882041,1
1.9931015181997418,0.0198097462022071,1
2.488216485941377,1.7472548416251346,1
-3.408851954597271,0.5043395555009091,0
-3.3848378607173073,0.7121634929077596,0
-0.5067133788326049,-2.3306238198540816,1
1.2189303752570517,-1.844981292939114,1
-3.3918200082899896,0.4993099942541029,0
-0.7601408302357103,-1.1875674727198162,1
0.021858941929175812,-2.0150868204467547,1
-0.7032756983739054,-1.832306747711257,1
1.4404115408041909,0.46677853502817357,1
1.8484654165788672,-0.49623138019545765,1
0.027243254383307686,-0.22865054296656895,1
2.060089993721109,1.3140816645836393,1
0.919857544345579,-1.8729551337823303,1
-3.5232626658492854,0.31446062764840577,0
2.300610392693778,0.9099351270184415,1
-0.014978828180644305,-1.7706575984654989,1
-0.21233724499246612,-2.94451297030649,1
0.37060272591803434,-2.177491693833852,1
1.7205393077139803,-0.6427647810081947,1
-3.4181799542430364,0.8488134433819884,0
-2.638537098911416,1.8359104751399615,0
-1.4094573561955828,-1.6036363186176903,1
-1.230968114728955,-1.5787720494886541,1
-2.937494664943171,0.8878011049434192,0
3.1518559645585618,1.6299773189265296,1
2.5455946185084035,2.261369824436767,1
-0.2475286887050956,-2.3800411852231127,1
1.728932348630587,0.821730148705577,1
-2.6968387154711357,1.97142031814187,0
2.8935949992831818,1.513257700721328,1
-0.6924944065796019,-0.27089737126179547,1
3.866331077616453,1.4137771945861781,1
0.1043247117518191,-2.8937133906229393,1
0.5571591754390212,-1.0610973307264828,1
1.9112317725009305,2.224113845909115,1
-0.9859150679563826,-1.9041118115133346,1
-2.6342687512209935,2.4376408806785146,0
3.6837495394823927,-0.4435109576682851,1
-3.4601264741049347,0.6512616829871122,0
-2.290709125842033,2.583669346624551,0
2.4718022596186677,-0.6659342967011768,1
0.9096836667459105,-1.60894540734991,1
1.4034956332860207,-1.1306527437577876,1
1.5280522769722304,0.8910793561686485,1
0.031925208990231824,-1.0222739987226217,1
1.0117745850958726,0.9473141500876375,1
-3.0206336076456615,1.6614069364452437,0
0.7364877313900258,1.0717912013200765,1
0.8549925765146984,-1.126389726004663,1
1.426731720490265,-0.887705866410287,1
-3.2282112668856557,1.1267499307805724,0
-1.4565250469469817,2.2134587174675957,0
2.1104425077318543,-0.921245545342285,1
1.1008790402367254,-0.6673407143985146,1
-0.43531400971215917,-2.345900603771806,1
1.279210252032178,0.4008248861316404,1
-0.3792055632792579,-2.150891027686236,1
-1.027369266324915,-1.591860564505488,1
-3.0927099635089914,0.40605216508614284,0
-1.4060411105074537,-1.6999511492186787,1
2.912364644585661,1.462587215941581,1
1.5147370967293847,1.468156593485774,1
-2.554690921479846,2.1203959237930663,0
-3.2289728627414283,0.19355328372274794,0
0.5692442745658315,-0.666722665531158,1
2.5639931984642814,0.7687726751006413,1
0.4725174891159416,0.7456474544099105,1
3.236964368154626,1.0176972039568706,1
-3.3430849971775687,0.4543827583178658,0
1.4558167001465558,0.9729879132855994,1
2.085443281671465,0.4704169923237064,1
-1.357972200388228,-1.3065197194035518,1
1.473973996508331,0.001699388085388387,1
-1.9188833060447148,2.957468835043376,0
1.4417350133803897,-0.8908565387331726,1
1.5438435042992384,-0.9633607173314735,1
-3.2027849741296226,0.5693013244307309,0
-2.7126535007973818,1.7066209464283535,0
0.5898468407581073,0.13417240611223874,1
0.13380533281055004,-0.955702094732007,1
2.2385271158047524,0.3293919191890352,1
1.0309954811241895,1.0739193671164966,1
0.7458905202251869,-1.7021212302647375,1
0.7093020869423021,-0.8296991151410926,1
-0.5615796431839231,0.9054362092815518,1
-1.165814570707303,-2.0410712072706505,1
2.8628517960185946,0.3221619202788438,1
1.3988029809648008,-1.2254110621248002,1
0.029138420290209827,-0.070954927526034,1
3.624272784119582,2.497155037228541,1
-1.4751586504320784,-2.095931753602077,1
0.9480242756466839,0.31522626084631405,1
1.1373703334103846,1.6807257931272261,1
-1.2819366731549882,-1.9787121507161909,1
0.17136826804174451,-1.8538544151358547,1
0.8102307208499819,-1.2237851850689598,1
-0.23258798627819677,-2.3838246784220143,1
3.5813953576075463,1.1616311648444937,1
-0.36345791078171363,-1.786197750550854,1
-0.4601214980605893,-1.9964506346176862,1
-3.1935360043633443,0.9659370446905856,0
3.4996659176299176,1.7287113977747315,1
0.05450133187928083,0.15890815952270704,1
-3.171565833100043,0.7400718375034561,0
-0.655130943386874,-2.187761487499472,1
3.307213730631642,2.2851096427965913,1
-2.047749009191856,2.665292784078043,0
-2.8322877016787404,1.9847926355969037,0
3.6787680637132874,2.337629472522169,1
-2.2618040941881357,1.85826197101738,0
3.1069815717975957,0.18568977142683082,1
-2.8806599756161,1.9188581637450206,0
3.3550126665947957,1.8545808425228993,1
-1.8317585884993919,-1.6056869723164349,1
0.9733894315393541,-0.17541686248368893,1
-2.9486297779420445,1.5721338692954767,0
-1.424839579075,-1.6218814838749451,1
-0.347092322414122,-1.9168366051695784,1
0.2632908092777134,-0.9506342562949217,1
3.6490735059175243,1.407963046158969,1
-3.2104542753018857,1.0349293068045244,0
2.3954501129813504,-0.07604180112486897,1
-1.0415890631481632,-1.3754346261074228,1
2.997412436911568,2.221966164009492,1
-1.7442280068946479,2.851044375014834,0
-2.9134126472120854,1.530374430004913,0
1.3748013317480463,0.6348742750391849,1
-0.8275412361825363,-1.652820110837069,1
-0.44924361069074725,-2.7596951912627006,1
0.7235909387173618,-1.1111168029558047,1
0.541299139813022,-1.8207193042312233,1
2.0769742325969758,1.0013085809043767,1
-0.04636898767650266,-0.2545916674401524,1
2.7781849988305534,0.07943170610062816,1
-0.382997541648853,-2.216574480524344,1
1.3195962982149676,0.19236655884681372,1
0.5409292649450198,0.3886271493949461,1
-1.3681579840969673,-1.1336238657071218,1
-3.084009368997446,0.5139898723847014,0
0.9462202247039924,-0.9478440225667932,1
-0.24367347313964532,0.07392301578413296,1
3.1646306675722395,1.7447704938755833,1
0.13919401769112458,-0.26511926535925023,1
0.3145095749974063,-2.6201485879252226,1
-3.294272972722817,0.5540360921606866,0
-1.287418651716765,-0.3751184020579815,1
-2.2353843582451725,2.6897630271770585,0
-0.3550908039526236,-0.959558241374959,1
-3.1880230301868133,0.26259586824430275,0
-1.4085838680639287,-1.6944186244513841,1
-0.49359192210073244,-1.9752519704514881,1
-1.3748731362934232,-1.5267969162045436,1
-3.0086149408283163,0.8160394856871455,0
-1.3514479852722776,-2.249980790199081,1
-1.1306680820590407,-2.5328193997772273,1
-3.2617728830583017,1.3003881043625205,0
-1.60750014816514,-1.3115636575922578,1
-0.5849842676270001,-0.6292938366709491,1
-1.042951453273337,-1.3148753749590807,1
1.5522921129159863,0.7888385103069018,1
-0.7592639412455201,-0.9757920816117731,1
2.2805514693104096,-0.9802439890428942,1
1.7277182892847884,2.1004820452824857,1
3.2670991024097797,1.7392996628780755,1
-0.1070152084629272,-2.3719509601204,1
1.4047470046043617,-1.8199695162856058,1
-0.21298791262358277,-0.8757063101050293,1
1.0883947838887256,-1.2935509773998695,1
2.5748133147162737,1.0925951331395176,1
0.230346176115622,-1.4912847020611488,1
0.6502926879454788,0.32947197063338457,1
-0.9288811842054784,-1.661219931131229,1
-1.472307677045711,-1.6209214371299687,1
0.806115676738931,-2.300810383009704,1
-2.346562233035681,2.3898053152984096,0
3.0638350398962113,2.2734547463126162,1
3.0887521553746073,0.2426449453274182,1
3.2817826681145132,2.248947707258923,1
-2.9224919301227428,1.6313901449059567,0
-2.185920984581728,2.7415164595630013,0
-0.5628436272986904,-1.8028582768211763,1
0.19802021055906557,0.7733397804254364,1
-2.586925128322548,1.4256093206222122,0
-0.2785792420824499,-0.5898535802617877,1
0.66248268090541,1.052175897528955,1
0.8867403396735469,0.5758378725179264,1
1.0037588155650252,-1.9439184286883315,1
-1.6090732859752241,-2.087445951932309,1
2.854941524701129,1.8600323787384094,1
-0.20684548087293264,-1.8422832709667913,1
-1.686467303134292,2.7378814676629166,0
1.7491971227851764,-0.7743677464720771,1
0.5103792166915943,-2.371186518746989,1
-2.076738923268,2.6940286665963344,0
-1.6500288248348298,-2.158244762573804,1
-1.7622941376351733,3.055067815639057,0
-0.21818662891307714,-1.3540608062117332,1
2.2178409638190435,1.7793738905421754,1
0.024096179850144395,-2.140781327019631,1
1.4675820416426062,0.977067571138023,1
-1.0511598935219724,-1.3964739228251748,1
0.5584555406730969,-1.806520938830964,1
0.48754744612648393,-1.746248938964687,1
1.945987509645408,1.760939359281885,1
1.0820245963977817,1.4194510207737665,1
2.8054357383523048,0.21949408430065703,1
0.11391435675452863,-0.985955197188507,1
-3.1147935146628862,1.288545442723879,0
0.9567556216934623,0.9801178014143614,1
-0.3483457275731109,0.17870816118890812,1
-0.24492708133981056,-2.9010040232597722,1
2.24990982329262,-1.054333406911087,1
2.5360090466226604,1.2329718085611525,1
2.0904614218430178,2.251075810073611,1
-2.918780824761081,1.6159692801737437,0
1.5137644863512585,1.7982565626421387,1
-2.997069760170846,0.18961823539976655,0
-2.0432729412620234,2.7883485181171626,0
-1.9935708077432008,2.4297457842135257,0
0.7156191509399552,0.8143676259847352,1
1.8380700260044864,1.5996399350206105,1
-3.5095126574833087,0.3089884654609566,0
-2.873576161525521,1.5804248501993907,0
-1.2712838722229027,-1.883298524339938,1
-0.9119877712876657,-1.7962226674737765,1
2.819252291496708,0.309882648335276,1
-0.3791100618500765,-0.3498533651421011,1
-1.6183678675338349,-1.9462344867910444,1
-0.29598396213739137,-0.31788454729416105,1
-0.3106002543238054,-0.2938176005537323,1
1.0782739217072295,-1.525233100386635,1
1.929921515425922,1.6139946435554966,1
-3.233107706006513,0.6235885154864581,0
-3.428294965580614,0.528943317674683,0
-2.7531918588816016,1.6490438753045487,0
-1.726746698088741,-1.6521133276062252,1
-0.33075163056642765,-1.9650683963560978,1
3.5356957696456544,2.499167302310955,1
-1.2300546646567705,-1.4281666629437453,1
2.6308748366459755,1.8040328741711176,1
-0.014292529691156242,1.079432236927547,1
-1.190665074651223,-1.5488554627897717,1
3.4706940803746287,2.0224775766067626,1
2.4123784995429722,0.25039850916915984,1
0.4419198566533047,1.5076871270304346,1
-1.2841874471232646,-1.2156977923510128,1
1.8777333324471994,0.5634812469512478,1
-2.9705611515423205,1.030299956014881,0
-2.0773157034855143,2.6890505446546347,0
-2.613807174065838,2.1235905546934184,0
0.6597768921383174,-1.987998732698533,1
-0.4849870331973438,0.9210469221970908,1
0.6687041811640748,0.7811591349915261,1
-0.9873868438042078,-1.9427048077536755,1
1.5630174343458734,1.0051403397044958,1
2.3635617692348325,1.9133056596714346,1
-0.350653890491981,-1.896762687873089,1
-0.21659703001166272,-0.8762814537406172,1
2.3823299503945456,1.2180397904852682,1
0.7155028343185603,1.7470644087490335,1
2.3752288703266813,-0.03031612886851509,1
2.8559349723414917,-0.138529728736402,1
2.8320058703165905,1.39846122702232,1
-0.13116886200567573,-1.4879666333999197,1
-0.21416703940107096,-1.5532130119310499,1
0.598029822449704,-0.9810910028720687,1
-0.03899500229335662,0.6601710754491025,1
-0.6320451371831124,-1.6490550557790757,1
-1.8833378145783506,3.008745895190472,0
1.2118261227320541,-0.1985417251811875,1
-0.7549710634427359,-1.183793469597318,1
0.7582267570623041,1.0237121561639584,1
-1.1123475298455425,-1.2937183443142766,1
-0.7957057957725968,-2.324006270824057,1
0.7882546172580762,-1.5648750875749868,1
-1.3594487900559982,-1.8571507611545335,1
-3.5285032075408815,0.3158851064653865,0
0.8294052857295153,0.6632060366681055,1
1.8134327646571016,1.7774618757854581,1
-3.015589657369457,1.251262477728457,0
2.4810609097649556,1.524235176827996,1
1.5581724154433851,-0.914170230578212,1
-0.8671791610209129,-1.3977588672526,1
0.32156422206867197,-2.5476795969673725,1
-0.19950766470394368,-0.8064743019258542,1
2.87577137640621,-0.11488180441897966,1
0.11589954612433198,0.04852505089435971,1
2.836002294392065,1.7047376921660196,1
1.3449762602656223,-1.7151138903668195,1
0.12677036191900912,0.24581228694091253,1
0.1384178212684277,-1.4401450152957018,1
-2.56419302099683,1.944201537243811,0
-0.6311189054183448,-2.4891662421935115,1
1.512078805479947,1.092379932014108,1
3.200642739003522,0.21502914792547986,1
-0.4802492486809502,-2.1857180111442513,1
-0.5598168411248876,-0.5062566719878154,1
1.826536763459073,2.173448767313393,1
-3.1565592039326353,0.35020764413841715,0
-0.32447631318351533,-2.081195217434109,1
-0.0399400186925932,-2.196872042706357,1
-1.5314582306381004,-1.4928120913161456,1
0.17548248599438873,-0.8433226646534369,1
-3.3292041420542677,0.13955505764055998,0
0.4514159182284052,-1.3644904480166127,1
-0.6937323320554664,-2.0618365242348586,1
-0.4622198599197329,-1.7860138005692092,1
0.6160090194567084,-1.0447005851649147,1
2.211006006212019,0.8424057264866032,1
-3.3356173920520096,0.14303294948423606,0
-1.6552913550482715,-1.4292895690623326,1
-2.4889578236671475,2.031174830255902,0
-0.763669034277908,-1.5461969583790705,1
-1.2710952869003924,-1.4421615138966275,1
2.4546797765227675,1.4367358364972413,1
-0.8785882330388733,-1.3776195247409755,1
2.736294374704197,1.9478264421829787,1
1.6108735840295594,-1.5732238601484425,1
2.6539850451868334,1.505324145870532,1
-2.6397938096993703,1.7455491658521463,0
-1.6017262320091064,-2.1418127891254612,1
0.9532127985032177,1.7109559857384893,1
-0.17386708111191224,-0.3738538745684121,1
2.283222882611814,0.5790129318388901,1
-2.6624435452138715,1.3323184020836423,0
-2.634523310367803,2.4133524779118805,0
1.2616858614255577,1.2416586434263759,1
-2.98705885788831,1.6099871368153877,0
2.2728316202349,1.5079044724080244,1
0.34306887780884754,-0.6725775403694858,1
-2.8244730557621316,1.2609604607148988,0
0.29392279640404406,-0.3817118129329451,1
1.7638858759971174,-1.1549715657816892,1
0.24601743564606746,0.8900577739835296,1
0.5033149318914527,-1.2718062944246273,1
1.474835629604645,-1.7545307297529336,1
1.1329915338841698,0.047744507463045316,1
-3.3632717210758742,0.9199352227591858,0
-2.0834257884559917,2.1742356552100053,0
-0.08460238568449005,-0.3525367343955237,1
0.7925380943641693,-0.3933573855799368,1
-1.2768179857944115,-1.303061212458024,1
-3.3292041420542677,0.13955505764055998,0
-1.4720165319861058,-1.8691859684532566,1
2.109134616639403,0.13612639251362135,1
2.608317983790332,0.6633077880087184,1
1.671806251772911,1.2689916003428972,1
-2.5627385946980406,2.039223888811155,0
-2.968960451371746,0.934944106371781,0
-0.02940248016774219,-2.1361520012544504,1
0.9932505177056365,-1.9215722192781564,1
2.334202202395083,0.870229631156863,1
-0.025133802308979797,-1.3466416410791777,1
0.44693724526236955,1.0504555490358287,1
0.718692250844659,-1.5327723401936957,1
1.0894929685416357,-0.6770686393820828,1
-0.4573886229682439,-0.68849987492638,1
0.6963605369765798,-1.1031905438669152,1
-1.3620246359794501,2.384472649678768,0
-2.9932227390047137,1.027547997495537,0
0.7031033889315743,1.1402702917788543,1
0.7359877889242508,-2.202592645529899,1
1.092919670867929,-0.3076479414638795,1
1.514857798082075,1.7316575220812112,1
-3.0668917167966034,1.24879667842435,0
-0.12175496102666883,-2.2909020564462113,1
3.9771205432004426,1.5981190011909536,1
-3.3450503670968827,0.1455970113548014,0
-1.319261212933729,-1.6198456366631526,1
-2.4119149653364533,2.1998821220269438,0
2.338318776965916,-0.2210396874887307,1
0.14680498085852753,-0.050162121580469454,1
-0.9951632064240653,-2.129971717027094,1
1.3661895467924938,2.438986216012101,1
1.1026447742097856,1.3603329151043573,1
3.244697416481696,2.400301554426292,1
0.30900445681355926,-1.6937426073288782,1
-2.542298079132235,0.9608094670921181,0
1.255242496064071,0.7810723125515283,1
1.0183846896012951,1.4424908121573448,1
0.9495863759596621,-1.3057570856286413,1
3.4695047979129043,2.488731812867262,1
-3.2350254836536187,0.33802143349713126,0
-3.5283786075730554,0.3141165892020874,0
0.45786976755243036,-1.966076520498624,1
-1.1657714439742357,-0.6498544893607716,1
-2.492647974211373,2.533463792521043,0
-3.026356335890319,1.5645395336182695,0
-1.240987748510305,-1.1821791087929978,1
0.9304486782097008,1.9175760004606974,1
0.2992411937932724,-2.341337241132074,1
-1.4466880496859316,-2.4105654033877295,1
2.649645143675843,0.45249464720082155,1
1.6152350857866093,-1.2346919835420482,1
-1.672392047138324,-1.1562223116217927,1
0.46795848836935505,-2.052930316636035,1
-3.3630345153987684,0.15666799409643561,0
2.746506623288733,1.147437223050916,1
-2.7353045799256215,2.1033816484617773,0
2.001379548181459,-1.1865955736546951,1
1.4419549854466855,1.8990327232188267,1
0.8801768104398908,-1.0205939273614835,1
3.0915682768630774,1.0525134363652275,1
-3.0515263918803575,1.1923028430457356,0
-3.2738115719678347,0.5775371038732007,0
-1.5646954341911488,2.6420070793516377,0
1.1129953290612553,-0.7046069904463828,1
-1.9396850315782441,2.9581091755052498,0
0.6246805985643051,-1.4199667133293927,1
-2.254138432254519,2.516435522673042,0
2.638983565725653,0.8239432713098833,1
0.8662254180667688,1.5012510505683312,1
-2.210349316217821,2.961117324722316,0
-3.11964153102909,1.1650742865156394,0
-3.443602882852939,0.9829665595154462,0
0.4219152929017008,-2.462149080959216,1
0.6239400262491096,0.5312631651823814,1
3.683207835500011,2.53550028013224,1
-0.7521220714665268,-0.8405201440293857,1
1.3646193471983248,1.5933162335902071,1
0.05943737803728413,0.13931067336587993,1
1.5666367205445637,0.30044386998928796,1
1.9147156452270997,-1.1596077550450286,1
-0.059322434401109986,-2.0743376321878078,1
-1.0818866806113534,-1.6790630594834801,1
0.400790848839643,-2.0077483689853723,1
3.414838281622663,1.8196543574589763,1
2.3850597116897245,2.184257211934231,1
0.5431724164090896,-2.211951115847137,1
-2.7831869171893,0.3787830404373077,0
0.6824721244889265,-0.2811340116791685,1
-2.6174439605290325,2.3858435811259406,0
-3.422298923476446,0.3674893745247574,0
2.0912023873517196,1.004904204202675,1
-0.6967062814996704,-2.2802972916538478,1
-2.3227526563622147,2.67412504290079,0
-3.300123208347828,0.752093589546026,0
-0.02309874235515516,-2.128556537987915,1
1.6272172945934413,2.184285892636396,1
-0.5686865361646332,-1.994247602655637,1
4.0707384899610615,1.8793639207365045,1
-0.29776414329891715,-1.9266423062469444,1
1.802211989168691,1.9138906611649804,1
-0.7639716391047349,-2.3405494157531406,1
0.27131311408765413,0.8314170893685086,1
-3.2602857192334547,0.9861843266058695,0
2.4339930415046083,0.718393933231943,1
-3.4033083734188727,0.3605927335203274,0
-0.2623099191779461,-1.6540421674567232,1
-2.5907095735742613,2.4329446936791785,0
-0.1118715649642846,0.7044104672439104,1
0.7188528334401477,-1.6291249701567088,1
-0.46318959332418175,-0.14892155581074307,1
-3.523138065881459,0.3126921103851066,0
0.1264289739629266,-0.07209046299898936,1
-2.6220877897450996,2.3397887730550684,0
-2.4656615789546983,2.7023923362156856,0
3.294092144826536,1.872358038406447,1
2.821654868091395,2.03447380193742,1
1.8061441904429125,0.5621889302017398,1
-0.2843295995113386,-0.47118485861373927,1
2.5271770253512083,1.5361562869578378,1
-0.16540746705032494,0.6293887523340825,1
-0.4646801608521448,-1.3287218915230823,1
0.9403231021852692,-0.895311244446183,1
0.9287236853017999,-0.7903950541996816,1
0.3481384401875488,-0.6191467163286146,1
-1.5176649452740079,2.644896210220687,0
1.9304195989866446,0.36553756454303976,1
2.72248333325362,0.37417715766038434,1
-3.3118954031540255,0.1901436934497023,0
0.7241767789876373,0.7446931570783499,1
0.13497948410362268,0.2823047594686141,1
-0.46904882695949646,-1.7008334273133028,1
3.652731531302749,2.310403073460307,1
2.668163078097907,-0.5689459784929309,1
3.102242895239268,0.4111708137769516,1
2.380540503101812,1.0565323339706527,1
2.6789652635731183,2.2883805646770696,1
1.174665327754936,0.057868241075159754,1
0.6035962977623859,-0.5817557508316369,1
2.759022468762996,2.103667148196707,1
-2.98856143460436,1.749598090475594,0
-1.8448019154810211,2.270744048485182,0
0.6105927362703912,-1.0352564113237055,1
-2.7369838481278816,1.7193242165656935,0
-2.9560689350085685,0.1767387833640172,0
-1.1882444715231137,-1.8780077437689764,1
-3.255839546300686,0.2558682013064406,0
2.028407209399145,0.4585111335451635,1
-2.4153476662084703,1.2933129856525536,0
-2.155102943265424,2.6004237159565746,0
-0.5786025299803896,-0.28830826955153177,1
2.203065226065147,1.0118895327069806,1
-0.053040468010639746,-2.5699990834554285,1
1.2007440689029583,-1.4691862067805257,1
0.9140657720565173,1.2940513121068675,1
0.5293876923334979,-1.530614976628565,1
3.3908368018552597,0.9721600731915705,1
0.1722318896896434,-1.6425785165704996,1
-2.681466460086542,1.9970642427040377,0
-1.2138470763163987,-1.1357767099779266,1
2.881717947748448,2.1028223505891663,1
0.8226845165138934,-1.953187026453827,1
0.2641797240061876,-1.6552325086798354,1
0.16831320407823055,-1.250469552477195,1
1.1984737623287118,0.7373819879658404,1
0.6080517423469426,0.36170528582314154,1
0.6044189267740501,0.5135691753116138,1
-1.411870809688584,-1.6993525122540256,1
0.3402561453352895,-1.1900931798593426,1
-2.6321815615184683,1.2772595100591333,0
-2.2350636234823282,2.603933177673263,0
0.9452630962250972,0.15543774658788004,1
-2.2863594149106117,2.127446061551808,0
-2.5633887503257315,2.081405939033183,0
-2.7775360159828946,1.505446138916369,0
2.2660037955123236,0.6345270568198405,1
1.9458819743835638,-1.4009713502826968,1
-0.2413412781008366,-1.5753742535047086,1
-0.24957877050660618,-1.0979325597428748,1
1.4495476686281517,1.7857530672774673,1
-0.9590960189412813,-1.4671087493181973,1
0.7822521962438763,0.9999655489266656,1
0.1174070665954173,-1.1629288585523505,1
1.7778103528739153,-1.6187186291553255,1
-0.4488059985313724,-2.1942648840461363,1
2.1508838981657386,2.035921494662304,1
-3.1626670337796994,0.7635081544030542,0
1.217000076432484,0.7176996730997196,1
3.0098100640006984,1.3955194397642674,1
-2.142504924679284,2.419453662508226,0
0.6293121318816864,-2.0495760123944593,1
-0.6371779906856129,-2.4523302980153963,1
0.8184592625515121,-0.8023656992220316,1
0.20497514764510746,-0.3105384358173624,1
-3.3919037816651874,0.35922739738626885,0
0.08732201423388855,-2.2328858583162283,1
-0.6127317017860824,-2.154919173355724,1
-0.5377663734959109,-1.566359726286328,1
0.8052256432220075,-0.6429276276810085,1
0.2217195595297917,-1.4504871331379432,1
-1.85012485581651,2.554683922880893,0
0.4566844577031861,1.1185362666854193,1
1.1905835683833434,-0.24287807650404059,1
-0.4002334304413551,-1.7715086086543388,1
0.764149792637097,-2.020772061056983,1
3.574270790369197,1.2790382505527051,1
3.088075400658027,0.2246597405970861,1
-0.6656804778067882,-1.522359832748728,1
0.6212346727967981,0.4980884953479552,1
-1.1739225935795756,-1.4810945684201173,1
-0.9137141483179804,-2.679141007153012,1
0.7640686005812893,0.10485803810411104,1
0.3144560125936726,-2.6798437958341115,1
2.004698903369914,1.0627845193767846,1
-2.0692163885971344,2.602869744721714,0
0.5949325706386284,0.1847508323360686,1
1.8512677332692695,0.5440395115595592,1
-3.3533106338356107,0.1461076601986716,0
0.36237527350394816,-2.3850780195446895,1
-0.6058538562943845,-0.9155010089767,1
-3.4148823117210343,0.4510677908483083,0
2.218371061228827,0.8768725261915167,1
-0.40774552755854454,-2.257346515130486,1
-2.306570364423459,1.996740039240215,0
-0.8834649857728579,-1.6442233280501068,1
-3.514792971412316,0.3651793948717792,0
-3.056139715249533,0.9642317668116824,0
-0.13985634760713647,-0.8454165196291372,1
1.2708579250227272,-1.0073560703728217,1
1.378713404959447,-1.0674231352380459,1
-0.20392650496048847,-0.4152589372571198,1
-2.5035667549834293,2.0872252529334734,0
1.742329704709452,-0.016855637379524113,1
1.7552927768946667,1.474756547723026,1
1.7273296832584237,1.5995307019250287,1
0.9047326982158053,-1.4298607461115131,1
0.1263477728488893,-0.25365043654137753,1
0.3707493617524368,-2.558487192947177,1
-1.8045818405203011,-1.9398233178090951,1
0.30598841457198367,0.2647526994107089,1
-2.7123651379808167,1.498431716241913,0
-3.1276358850020776,0.6761622627516654,0
-3.016575314580206,1.6814634770855534,0
-2.0605350432740774,2.76302972509069,0
3.2466488469118815,1.6716308916407638,1
1.8052906805245252,0.0805154480587783,1
0.36468883475118863,-1.2175976195130447,1
-2.0685983840924775,2.33257378634331,0
2.316554966359028,1.0637595942462756,1
3.345254115706899,-0.4913458162039658,1
2.072415088198627,-0.7031347836755475,1
-0.8681566492323135,-2.2573506656020053,1
1.6846441711202644,1.8109890670229445,1
-0.2569559385284562,-1.3707317499670326,1
-2.989849455086495,0.9313549864039867,0
0.19485046581371043,1.3019470509250461,1
-3.3611486905495713,0.35505114795810294,0
-3.2283973615749733,1.1263780818872848,0
1.423384449268976,-0.7439700710776607,1
-0.47558237459633135,-0.2974083569179522,1
-0.6548607902747149,-1.4540135405228238,1
-3.449176504906235,0.804476896525623,0
0.8010594991108078,-1.393726538186365,1
-0.37539700061886316,-1.0341632516225356,1
3.123584532395212,1.2174788013202142,1
-1.2510366228691912,-2.6099469884455537,1
3.1174794616705657,2.081474086061032,1
1.3461174970174348,1.799356003191252,1
2.659120708680605,1.1225838006424143,1
-1.4712775537901321,-1.531301573307181,1
2.8229795548225645,0.1873969971802187,1
-0.08950801065503697,-0.07218748955168741,1
0.1401811420667681,-0.006344668282137755,1
0.8080021295422091,-1.1299458947769485,1
0.08906420287565367,-1.2875083913650585,1
1.0138200018459318,0.2105974565815133,1
-3.426707738020262,0.6902637023297413,0
1.6331991093908593,1.6784418004433916,1
0.8192164503193784,1.3296822630062417,1
0.810900975924048,-1.037824134658884,1
0.4370274464527081,0.7165127854897351,1
-1.9551506157046004,2.3064245018867666,0
0.9650224262437104,-1.821685647748609,1
-3.224883724158661,0.995824542358544,0
1.3144915232693788,1.3486485139286006,1
0.5249337468182769,-0.780423365827541,1
-0.7854351042168459,-2.1279022830695595,1
0.49491142986128767,1.0743744168840488,1
-3.207299550047867,1.0071590396697316,0
0.012894841900272486,0.08212131374679671,1
0.9866574986238077,-0.3959778440181898,1
1.2692144805984829,-0.4971181953199737,1
0.2560986750426506,-0.5177859303184917,1
-1.8495799887315172,-1.778502530859917,1
-0.20064589624208287,-0.43187249765853375,1
0.25330959896363814,-0.9856548590741139,1
1.7692329387109549,0.7423643658615802,1
1.2692988237724019,-0.39959206785770673,1
1.8868532072882804,2.3807329372691974,1
-0.2557918880016509,0.1950759700994894,1
-0.23098406480219083,-1.9666824252883326,1
-0.6072484690342439,0.06928964973628476,1
-0.1708047062751408,-2.3596643859450452,1
0.6173798850521502,-0.819702551078165,1
0.44849702934823976,-1.2471134948191058,1
-0.30500765651313305,-0.8259439033161238,1
2.456013394578315,1.2013426066471977,1
-2.0634664402497527,2.3155632665599546,0
-2.701795601929234,1.7417380252358639,0
0.24710581903726994,-0.2527310537858456,1
-2.604519813524233,1.8378852301739153,0
-0.22948304518908666,-2.2929961135943735,1
-1.630945167593666,-1.9428157376302897,1
-3.4843075911782853,0.35806072930512334,0
2.301606497136159,1.3540111588789583,1
0.20728769479141027,-2.75201909517003,1
3.108712716958856,1.2367675386789798,1
1.9112659287156928,-1.409640097985316,1
2.5951435681809696,0.9855608812134014,1
-0.317543142253099,-1.1356158465633808,1
2.0652724022413627,-0.9266552831912624,1
1.9727893070500737,2.280543031939804,1
1.0739635323142047,-1.365981133574238,1
-3.4705005263086854,0.3854262703900055,0
-1.2157340825833127,-1.8835632717850186,1
-1.6567916724638836,2.5591706796920874,0
-0.12119690254769891,-0.7365021222179011,1
1.6847367495291432,-0.10559237815657374,1
0.6575976082948749,-1.7882608283354173,1
0.09052052050108336,-0.9993665915719605,1
0.9927702999156358,-1.0288088770906552,1
0.7119244166094414,-1.5775943387611555,1
-0.631243505386171,-2.4873977249302124,1
-0.23747379896132872,-1.301837830576933,1
-0.029162039024658,-0.524840635916259,1
-0.17788632818091077,-2.265436868507776,1
0.9646276126129938,0.5907019287137784,1
-2.6180358259209258,0.5709597117690348,0
1.4689252982808998,0.6307773073892926,1
-1.2117256498580298,-1.8988973214076732,1
1.5510865561171732,-0.6433032786418558,1
1.391649113855457,1.435676192755593,1
1.853610366494366,-1.0590294005763536,1
0.46219800477925965,0.9878152965322672,1
-3.3536807764084924,0.20963594838512434,0
-3.4990315741001163,0.30613950782699495,0
-0.7132427551148106,-0.514519334903252,1
-0.9485123430916943,-2.0719683164574394,1
-2.055132768000436,2.0524058333900745,0
-0.6580655296342075,-2.064260719930167,1
-0.303474830637398,-0.2455251919039103,1
-0.09653998016230989,-2.2615531841366145,1
-1.8000356823649764,2.7299353415561307,0
-0.6207624220029785,-2.490246682564174,1
2.325749197414123,2.252954433276356,1
1.6749480088641446,0.2679593567374664,1
-2.90926896915967,1.2870259633324617,0
1.0180604522809151,-0.9142018541326131,1
0.6784498766892144,0.7915954561218345,1
3.492884584759676,1.090784943148431,1
-3.2294131079875736,0.1946372175436068,0
-1.9309309711115188,2.432013745672558,0
-2.7376116637822627,1.4589829864025234,0
-0.23341986138286525,-1.9016426155509003,1
-0.6206378220351523,-2.492015199827473,1
2.4331340174721445,2.673528569356099,1
2.773526551723491,0.43141401957936154,1
-3.0620751130826993,1.177967753212668,0
0.06716089534206768,-1.6377430955276564,1
2.4466641008317245,1.8078966354240125,1
-2.7821357514766594,1.6867917387828637,0
2.0813144526365215,-0.3285816727201767,1
0.8882492571102336,-1.316844128478102,1
-2.812110463826205,1.5347535444867946,0
-1.6769216332925168,2.6106545740678126,0
2.1530439248017403,1.4702764948573723,1
-0.6560130832136092,-1.0763829367799564,1
-3.135792710305469,1.2905017264311471,0
-0.2513444703199387,-1.9781537629403214,1
0.4279604357822189,-0.11028009217847934,1
0.2967834016298728,-0.09412744980664789,1
2.138134077417368,0.9625770855389195,1
2.817867587234579,2.194805812913504,1
0.46249302744085596,-1.4919098861951114,1
0.20238992265307307,-1.4899054005243968,1
2.544398342480059,2.497702587313243,1
1.501706961281542,-1.7850161104783395,1
0.49401023666469035,-2.438651592973751,1
2.94845275786211,1.347289624190467,1
-3.3152811587993534,0.847589940915835,0
-0.1193407734374716,0.08095904118018671,1
-2.8078143518275547,1.6336134635072581,0
0.02215083799970513,-1.9693500630272078,1
1.3640961601386417,-0.5923593987599165,1
1.1110370980822946,-0.4013701024595604,1
-0.25747896422619254,-1.6647381371177983,1
0.8152073285420618,-0.3349462336654905,1
1.3204614698972041,-0.2516655237297625,1
-0.9619913710587444,-1.9095387991057988,1
-2.3811403364232606,2.57914179533097,0
0.17746358790894198,-1.268422149913082,1
0.2604449170734848,-1.7862763140817854,1
3.238099539524754,1.6900393521305996,1
-1.3976128196924373,-1.6358792213032278,1
1.6683239553906326,-0.45212850422623396,1
-0.6417245887693637,-2.4845487672962507,1
-0.4027003696577509,-0.825120938990815,1
-0.20264897725431447,-1.8874450468120512,1
1.9801326645207051,1.5525767941266961,1
-3.3851748863891262,0.3564340889850328,0
-0.8703469503038398,-2.354200384381225,1
0.9350671158143347,-1.0609566491007103,1
-2.6915206195461114,2.108607527826226,0
-0.13232083178837184,-2.0939030559187493,1
-1.5253487466214037,-1.8920105076283815,1
0.4807856866461956,-1.1538724426490046,1
2.7741137923160397,0.9377210630695081,1
0.3596059577725762,-1.3017401501442278,1
0.7524075770117216,-0.8086726853270159,1
-1.5270162382602155,2.896219107411456,0
2.167599238164231,0.736211904239203,1
-3.117010147718433,0.37743782038562124,0
3.682725948503506,2.3251460429498696,1
1.344128466557801,-0.39469121719450784,1
-3.1058127112363185,1.6581268154929933,0
-0.699273511637992,-2.4345356184026494,1
0.4440298023334752,0.7697013419372426,1
1.1947432204581208,-1.911791336566023,1
-3.31891178295157,0.47854975381515175,0
0.6585205643241971,-1.0194295748721756,1
-0.6622324156801651,-1.1567652451204495,1
3.372188588200773,2.6456686296502823,1
0.17712198165364487,-1.7467532826063823,1
-3.5232626658492854,0.31446062764840577,0
1.426660371656838,2.096942408698032,1
2.6155751171347066,1.1782810695498485,1
1.827044591139104,-0.5462522335236564,1
0.6511414010311709,-0.6480917766048861,1
-0.8121996474754544,-1.236452445578754,1
-3.276573309377904,0.29124006330485963,0
-0.010021404286325336,-1.4200418460542323,1
2.8848196370662884,0.6586639871078213,1
-2.185532079686569,2.757915999304603,0
3.6431614889667165,1.1571163209011575,1
-3.10700544995924,0.4261471529724068,0
-3.0787876078087666,1.004778229326636,0
3.1937270951277497,0.5909872761898147,1
-0.7001224993667563,-1.47660330563923,1
0.795508031827483,-1.2491662821273137,1
-2.2264730461010362,2.7198020388710216,0
-2.6023858454279716,2.0982085093402834,0
2.515606484392411,2.4141125128425887,1
2.411825162369022,2.2013101148585097,1
1.792299226506145,1.1242303187731144,1
0.4896158425288045,-2.7726465557110256,1
3.7723224872446126,2.5525979410747315,1
0.48025711832102125,-0.64803867757495,1
1.442634664999627,-0.2736946416927135,1
-3.2231467860772134,1.441934231760751,0
2.536097451753622,0.7374312675912452,1
-3.027621680715414,0.19805322936193617,0
-2.268343871176153,1.9053901280136403,0
-3.2315633141718707,0.5943670338772482,0
1.3049388268128144,-0.332950180841352,1
2.0585371850732344,2.203682674158462,1
0.8195339722023003,-0.9961519289548144,1
0.42537322658703625,-1.4251983241838417,1
-0.7708776364381779,-1.180246983703126,1
0.09333971355554224,0.3946502370999766,1
2.827911656672128,2.0562378671402644,1
2.148723730801063,0.08102213810249709,1
-1.8428649901246248,2.2288369836494093,0
-1.5489034734233271,-1.0270075018394487,1
2.7882042724641396,0.2283717752938518,1
1.0260899622523316,1.3067348395284624,1
-2.8365140175837853,1.5139734049789184,0
-0.9773741644465588,-1.5201282188730652,1
1.5008825394572833,0.6163777653824872,1
-0.25686425153738746,-0.3213940961515218,1
3.7750814410783353,2.2319718809485005,1
-1.5909134513550143,2.6680097661346864,0
0.03764505942110241,1.137741672251848,1
1.7162196583134912,-0.9560707883611117,1
-3.3363826200475315,0.9404825099638254,0
1.174390610674823,1.7169597704679118,1
-0.6196395230654387,-0.9212709677265776,1
-3.190687341841658,0.20897319621533983,0
0.8453382103663545,-2.354749484381897,1
0.03607460063817014,-1.663886414994797,1
3.4729896797218176,2.485282144478984,1
-1.071601093920181,-1.8851306296322448,1
1.2705569866281559,-0.24274979913108297,1
2.9328279110400803,0.48192864346233866,1
0.5062944847567213,-1.760187284627905,1
0.11479542740932977,-2.2806022340321452,1
2.382666309531134,-0.2534346734663038,1
3.1783188555574093,1.4819889628296097,1
-0.8882222087919893,-0.8136456936783589,1
-3.158532348156301,0.42868247275808563,0
-0.23664016812224603,-0.5796120210630121,1
0.4739739370743403,-1.966261464401593,1
-3.438570821555216,0.7998594216283625,0
-1.6337951482619628,2.870539191563363,0
-3.371743402044197,0.3807313109780198,0
-2.6843955605199614,2.1961146277701076,0
-2.6383941140387783,2.1775810150966004,0
1.77394295461289,1.074882866991514,1
-0.18466938770747113,-2.4310279432147075,1
1.5286139092714128,-1.7788730050891202,1
-0.5372432860150553,-2.002794475557522,1
-1.9651616906590732,-1.8413932540495428,1
1.4083230627873,1.6167659135069048,1
-0.5025982725680636,-1.6418538540408352,1
-1.0764324482129912,-1.5284122203884682,1
1.9731429566860335,-0.3277394323856988,1
-0.7482500140299458,-2.344822852204083,1
-1.5113788921811988,-1.3698715292724866,1
-0.5888737487236457,-2.460793899729272,1
3.316989336416104,2.0253626959636777,1
-2.4814316445598834,1.706591375922028,0
0.08003046562073765,-1.4995085512509392,1
-2.8446532928403587,1.0289734499182155,0
-0.23975355721144384,0.004451131341447978,1
-2.490203998815083,1.756369488147424,0
0.3810477436295815,-0.1279940832148757,1
0.33684758158904704,-1.108632372454288,1
-0.8833297975409358,-0.6851226340682723,1
-1.4909508930692599,-1.7508464005330233,1
2.8780262069144467,1.6898762236559093,1
-3.532668823575264,0.3417456438300178,0
2.5194991645213713,2.4215152693945288,1
-3.125921804042837,1.0711593531070693,0
0.22477621100293385,-2.8070309399767037,1
-0.451718457857977,-2.047771243750477,1
-0.16096385541089414,1.2861578089806798,1
-2.8664857958812613,0.7641223195942541,0
-3.0253950905886122,1.0825928750782958,0
-0.8060633242644674,-1.4678037158355182,1
-2.7187734154860617,1.9305152305070916,0
-0.6233688690582323,0.3053627124108565,1
1.3578909049830037,-1.1490332960886778,1
-1.3989256141490851,-1.393547548503452,1
1.761129939647263,-1.1647623574548012,1
-0.7628773491674663,-0.20832379784944555,1
1.889161798483406,-0.15672222492777976,1
-2.9624987991877965,0.631386078342788,0
0.8264844969762741,-1.180845237433178,1
0.4514153596692252,-1.7547347771990522,1
2.342091174729095,1.973872238204312,1
0.03961039312273043,-1.5151197295490313,1
0.6995455349287015,-2.4988488632544685,1
1.2138735393109767,-1.2762414224852756,1
1.1384621222451898,-1.3935525508481916,1
2.7842402610646584,1.435305573328761,1
2.5379574842852155,1.0415160073145913,1
3.486466774238514,1.3720621328727758,1
0.9500470309895239,-0.8176645467558146,1
2.7232157018089063,0.0963851770232177,1
-3.3204535224884713,0.17528893121497557,0
0.23188033002348282,-0.27780281532258333,1
2.8512772603185312,0.009664014102263196,1
0.7604357042796646,-0.3926474198347496,1
-2.197983136697885,2.293652456702338,0
-3.079264800180535,0.9137795647887712,0
-2.95654333989263,1.4275966850596706,0
1.91039720148383,0.6069196445160796,1
2.4720043706847323,0.7175112284955423,1
2.45199422059278,1.0346300425729633,1
2.27333875024056,1.416524871406425,1
-1.3695195235231155,-2.0994957527885862,1
1.9056838572398227,-1.4663387396158882,1
1.0899828937028988,-0.07263137150585036,1
0.8821967296119213,-1.6453038283708756,1
-0.7784955713834988,-1.6049363546959232,1
-0.17400729676512613,-1.8693850866128496,1
-1.4537809771795827,-2.1113944581604986,1
2.498566218005403,0.9759882221788083,1
0.6084846770396082,1.1551574660392445,1
2.412648682078483,-0.4346858181451001,1
-1.16821346359857,-0.09553154302148642,1
-3.0323594322681844,1.3606945385681333,0
2.66616811211992,1.0941861850590648,1
2.683336552938442,1.3319581959444549,1
2.314430845483482,2.2125170791166893,1
2.1336480246420835,1.70705505791108,1
1.136556733121512,1.5032124423738693,1
2.383268019687408,0.5002398788885031,1
-2.881504983998543,1.18028468781476,0
1.051747707581429,-1.1601282104663064,1
2.9650912509495817,0.6081563838389052,1
-3.5180221241576892,0.31303614883142494,0
1.0877148298714385,0.9028117677191886,1
-0.4390225188663338,-2.2698621250074167,1
1.5220988905721706,1.4312321850761958,1
-0.8695766186718805,-1.4287362840583775,1
0.8871892268284838,1.3452477172425654,1
-2.1732507529147953,2.290544146921394,0
-0.6430282924187379,0.5077740593241564,1
1.094643621320253,1.6048723822345288,1
1.689866358500023,-1.063724978618474,1
-3.129983881203079,1.539945919963186,0
-2.2338048470381415,2.9316905622721103,0
0.2888998098983603,-1.163556155261055,1
0.8512075005572128,1.1213583276144767,1
1.5343738235257536,0.6615687633565397,1
1.5445965911356674,1.920277844723091,1
3.6545537046475487,2.309017079278039,1
0.693331661909871,-1.282643059195576,1
0.11679637452366573,-1.6849851678206202,1
-0.4347631501752162,-0.9871234618003422,1
1.143064169376075,-1.7213897966856457,1
-2.206407891508363,2.262949006776158,0
0.668696974211038,0.9310181065288423,1
-1.8792348677856718,1.6570530061649325,0
1.8100348723406825,-0.5278329851827612,1
-0.18452984382634477,-2.4299813242919077,1
-2.8287458208380296,1.4845762215457028,0
-3.0339045169664205,1.1766111583996974,0
-1.1371545842176716,-1.8914769452809619,1
-1.2159814972643557,-0.6247705595839919,1
-2.9364786049736855,0.6549916483618234,0
-3.135061424187409,1.1501027237728942,0
-0.27924207333437623,-1.6128417419074346,1
-1.8088069310881414,2.743952581497886,0
0.9564920781075086,-0.7158929379369328,1
0.37629561055503324,-0.057069708848233314,1
-0.9248355017931862,-1.4364678086404958,1
-2.5588559612635824,2.0853079221291684,0
-0.28329559980662733,-2.357941233915688,1
1.5372705065648662,1.6688895870144216,1
-1.799722083205751,3.043566578418088,0
0.2972195672032415,-1.5503644229588536,1
1.9588333380989276,0.5278535084881119,1
-1.2639660847165615,-2.2399275292475593,1
-0.7677092197548823,-0.3060840583855361,1
3.4114551676689944,1.9844642963197427,1
-3.2708924882496,1.1653376603928947,0
-1.8618774362562733,2.4873468378034955,0
-2.7557236398830445,1.7657440245519016,0
-3.3341573057597165,1.2339770937808754,0
-0.20508395781978714,-2.3010222221093333,1
0.6944326621250776,1.6127079018568184,1
0.3181871933744266,0.2390070681800354,1
1.9165507118607479,0.28254129049255733,1
1.31456237709882,-0.5008285877903853,1
-0.4234783789501033,-2.0899052730992853,1
-1.3884934552491155,-1.4994973591693639,1
-2.0390371197438584,2.3023537044841618,0
0.9703049043965613,-1.1237022318780099,1
-0.7373326371361844,-1.9199816123836122,1
-2.5980523241659017,2.0272480813093816,0
-0.4699612191973166,-1.909529384903331,1
1.7786177739212756,1.0501611622972005,1
-3.3438776587907375,0.14354359832810626,0
0.3978095150362969,-1.6841604211604397,1
3.137585697401247,1.261694226748405,1
-1.1027698773379395,-1.1331662728041554,1
0.311743213868498,0.4713715553213622,1
-0.9233179877673909,-2.176813923200667,1
1.4164847552572997,-1.5035945946748874,1
-3.2764015775955913,0.6855499185723397,0
3.4820678502312448,0.7130303093050656,1
2.0367777530178124,0.7377055702233488,1
-3.5028905295150703,0.3375582630450933,0
-2.4661760220787183,2.168969324959919,0
1.9782762353711012,0.46362470524657984,1
3.5907300476438393,2.529641581457291,1
0.9666636129445958,-1.5945167316006676,1
-2.998389396478698,0.8875405889814504,0
0.8290542814339681,-2.639142381326033,1
1.9379450683518564,2.4321374721250613,1
-0.6022288522584711,-0.6554002593611898,1
1.220703382849919,-0.19058811858261637,1
3.326919298057313,1.3327519135561108,1
-2.214036795730204,2.52204021186913,0
-2.366376591737543,2.004930993712975,0
2.274279969167414,0.8192205177907015,1
1.1735075593568636,1.0248594444025094,1
-3.092547011491816,0.459811485143934,0
0.936125308083749,-1.908004113161148,1
-1.3491784984786526,-2.039759528075765,1
-0.6856040157516715,-1.1186945547863965,1
1.7893902803913175,-0.012582733357124176,1
0.8405411121022257,-1.3635468161133788,1
0.2838495862997543,-0.8376007686806546,1
1.3928255318554483,1.3264161740525195,1
-3.519993740866501,0.31183742309491813,0
1.6774406176293388,0.5250626185517921,1
-2.6175588798260656,2.2370043033317097,0
1.9770547391854503,1.345810693514497,1
0.7284107244891942,0.9306526097051954,1
2.9010681271352707,2.1659115008547287,1
-1.067733835864953,-1.7669784842562972,1
3.2616756045582407,0.8730024448837024,1
0.4280564926798309,-1.4526611357829444,1
1.4916038514382617,-1.9490801956197479,1
0.141551768872726,-1.670775061804786,1
-0.5426163077290458,-0.08955874049809559,1
-1.118896637758861,-1.7672046243404673,1
1.2712522397526123,1.0450428959064668,1
-0.9411719236567873,-0.545508927110413,1
0.11420712174968148,0.43120096137072117,1
-2.7050412192950075,1.4021529868164007,0
-1.882257158902121,2.924128423159243,0
2.8906807455886274,0.859460966735937,1
0.6268352706954937,-0.1944946056626784,1
-0.5360705777089098,-2.004847888584217,1
3.267658638742397,1.714820957542998,1
-0.0594175015155122,-2.3793899757916233,1
-0.2350028277231767,-0.8677247373646544,1
0.896793993159817,-1.203985370562536,1
-0.46092724029502075,-2.0277036176455834,1
-2.256302693544478,2.887031151895066,0
-2.8380185663163506,1.7382278267235145,0
-0.6806839513818708,0.18761082397765494,1
-0.7028848933247068,-1.9302645675352053,1
1.0697587643164217,-1.755187255826042,1
0.44580933571956094,-1.9086507448195213,1
0.21285712718891134,-0.24466125656818916,1
2.0233793819461066,0.5893134615063544,1
-0.19592751574932002,-2.876480270072687,1
-1.9721419856084956,1.9533672579664942,0
1.830304291196984,0.6526844277029493,1
-0.5610673743333768,0.039164549635831325,1
2.6220252698457363,1.6355283151970865,1
1.3318232106836763,-0.5924762287383101,1
-1.5384093120536164,-1.331598352706328,1
0.24244257449615356,1.2288035273535556,1
3.3267520111993596,1.4158510883557396,1
-1.0773369835115307,0.09969247735787251,1
0.8009293994749915,-0.20376070738852925,1
-0.5884098402285561,-2.463597575435508,1
-2.5458464740670514,2.551770976158853,0
3.4913165427175707,1.8696982510693703,1
-0.9288606262158133,-1.3957301572906036,1
-0.15792841954830028,-1.4657429847982906,1
1.6646970822107798,-0.34421310115552606,1
1.8995718098115135,-0.4122749052539938,1
0.18325941610614158,-1.6006799401994167,1
0.6592776238738236,0.604721540975851,1
1.310268516656795,1.25433187189785,1
2.3339826425873347,2.000218398196333,1
-3.436630675310321,0.4560415489051953,0
0.8821123423016377,-0.3724195798883947,1
3.030323439310233,0.4776405393049322,1
0.9383973735314974,-1.2234060685251127,1
0.3329631709897166,0.4087627623124361,1
0.17775851012639907,-0.7329560625075078,1
1.2767979829966458,-0.1449910914485324,1
-2.601586173976647,2.1849094514392293,0
0.11573558676521375,-0.7506117202138585,1
1.2541073499535536,1.6101152973921495,1
-0.9434410471785913,-2.196893656037566,1
1.542446982427343,0.056315745869103984,1
3.8761277839679136,1.578591189064198,1
-3.3536732531028375,0.7674553598986178,0
-2.8688694123794396,1.6721119375792728,0
2.0123720310474744,0.29930345942191006,1
2.728568841242924,1.462855167551765,1
1.6742783330778055,0.3393362681575486,1
-0.3608575465833671,-1.3306012891245684,1
1.0065049627193323,-2.13411575350933,1
-1.655532630262295,-1.903960164470484,1
1.7817089302355202,0.4400420319618161,1
1.4879482007804183,-0.543827282907652,1
-0.7777914097602096,-1.2343186035939506,1
-1.1967773864794538,-0.8887244011809343,1
-1.8053077726797906,-1.942722131621164,1
-0.015070078498043371,-1.3175754145316054,1
1.5956699553494822,-1.303739011499441,1
-0.4263206188386762,-2.2750493914314696,1
-0.7110566578558343,-0.7449429090116697,1
0.4407864616062287,-1.9810718824296756,1
1.8014714479187457,-0.4199863841874836,1
-2.3524983854847843,2.407875946296847,0
2.66090399815099,1.7120499725055103,1
-1.9309014448593325,2.7561419989151927,0
2.2049862801382294,-1.2096214364125137,1
1.5859511786004328,1.4914634167847685,1
0.7424149644883313,0.5645144781724332,1
2.2931999699779597,1.032951150170574,1
1.5844233290204497,-1.355163723033639,1
-0.08725492782171101,0.2220978625152022,1
1.5046444442282951,2.0991082913181955,1
-0.7879929222146786,-0.6117316811070921,1
-0.2428397680747325,-2.0275041897635626,1
-3.3186958574376892,0.6441222521676926,0
-2.514275763447691,2.474295687869331,0
0.22973819033811907,1.289833435110335,1
-2.2300313016615414,2.9281660941447663,0
1.776366600529481,0.06381254371977407,1
0.6260609585652829,0.6530008810523565,1
-0.18110468086866385,-0.4049546221217133,1
-1.246406577356539,-2.0456562642825746,1
2.9165466133513394,1.5710430456632714,1
0.7736050283201688,1.1458379788554192,1
-2.9261162583407643,1.714333688341055,0
-0.9367817285722404,-1.9790988845616204,1
2.2922460389558066,1.3231563311659573,1
-1.3360475013936353,-2.062924043498485,1
1.3325345429432518,-0.9304719889343223,1
0.521615244199654,-0.18915123646608212,1
-0.5188706939846354,-0.7615342603072557,1
3.422581231623901,1.781888807505638,1
-1.7983874213167033,1.6252338123307126,0
2.1899632519325194,-0.5142590251420571,1
0.5289154985453153,0.3560697266782299,1
0.6134459178863177,-0.8606469887200046,1
-3.546321049292309,0.3207283344431212,0
0.4926685263248817,-2.215351499108984,1
-3.316853407149325,0.1929460255362553,0
-0.7432190895081797,-1.661428415234567,1
2.133463757893497,2.144205309899147,1
-2.752396939765961,0.8918160190344526,0
-3.096754953687545,1.6819004333503098,0
-0.13828282027441252,-2.275217459944587,1
1.37737908654588,-1.0808162925147105,1
-1.0610199268550389,-1.688235137326834,1
-0.6764930640793916,-1.4465256767157222,1
0.5449733703771565,-1.745973460356279,1
1.3107693658735504,-1.5747256128132883,1
0.2777459521326152,-1.5791937308884694,1
-3.0693912061546738,1.4064566293152603,0
0.09742639923918148,-2.030554115797831,1
-0.9643188129296678,-2.163934471164918,1
0.8663226628766418,-2.009541317748084,1
-3.021281460146611,0.27524144945582707,0
2.227130264546228,0.4083431528528173,1
-3.124807205265439,0.6746229920190367,0
2.3023967380217525,-0.9429316898367546,1
-0.9102286844684196,-1.326520051257097,1
-0.1065148478807473,-0.24986657948972557,1
0.9722878097163872,0.7772332864939875,1
0.304531293522995,-1.4712934753241587,1
-0.6033921407596177,-1.5329998883135283,1
-0.7098011663927671,-0.8650891210330052,1
-0.4787967264838713,-1.7712699541587265,1
1.4316895074329699,0.9305693201156955,1
-3.2395404413607216,0.6496016657816803,0
-1.5471063926998578,-1.4969201573922333,1
-3.078406799720241,0.547080680981916,0
-1.7441694546175264,2.8254321345898616,0
1.061590018013291,-1.2508118695730792,1
-1.3616291992612417,-1.504515171745815,1
3.160722196846924,1.695665723771039,1
1.080412980151714,1.5263895550138227,1
-2.7371102282765505,1.5336565263276851,0
-1.3209282434931926,-2.2600112846008695,1
-1.9767857125805959,2.4410885026003455,0
-2.1513353016265264,1.0497595145427767,0
-0.3985134997189034,-1.3169164006082728,1
3.2633243345345355,0.757157473640685,1
0.16199183108881274,-0.9564933016738717,1
-0.049356857517481784,0.0032131989393727745,1
2.2758921202335856,2.216786643905875,1
0.13366130743277646,-1.6425611896195114,1
-1.7934016409002582,2.8114800450370656,0
-3.018992117073488,1.4891320819460085,0
-1.7666823006317391,-1.2419635740631005,1
-1.41461498807695,-1.3257273073897966,1
2.5048779238021965,0.8191344857254714,1
-0.507167759426772,-0.2195765186199683,1
1.5662985970814967,2.2834617898281078,1
0.7586146285489939,-1.4164052122061124,1
-0.10517655442404947,-2.0650476277896384,1
0.760062596749852,0.8175630604931372,1
-0.9022068662457158,-2.6821671105017453,1
3.454885892553207,0.8396966590142376,1
-3.164788827572891,1.5845591336897187,0
-1.086703560549357,-1.670475914189002,1
-0.5904490201773761,-1.060251736049215,1
0.47051059970544984,1.3938040683727422,1
0.07270356943812825,-1.6426121225222503,1
3.1546329043425696,1.0750781869660775,1
1.9152258651651912,0.6471811437499183,1
-0.6082915543933511,-1.4321264441295294,1
-3.144873192437468,0.8831717133140784,0
-3.282039914624294,0.9132368773144696,0
3.351038688713678,2.1784873236231466,1
1.9228597519727921,1.5173600408271901,1
2.1634413838893987,-0.582442043952796,1
-3.3640276694225126,0.5704577402473142,0
-0.5411445858964553,-1.7184308175208,1
1.4142403698749346,0.5688475920534194,1
-0.005895156416728664,-0.5370554401881654,1
-3.336740792654517,0.454533913128951,0
-0.7477500926129059,0.2359683626266237,1
-2.2318911541950204,2.951454084244485,0
1.2071354654800117,-2.1999782317394208,1
-2.6960215952170192,1.519429754663915,0
0.38847734530919376,-0.33907973835185856,1
2.939674362813572,2.5653356577499467,1
-0.616445388681875,-2.4931547828810583,1
-1.8699841378205742,2.7894995621532765,0
-0.4602137041992622,-1.8435090887387258,1
-2.766488109488623,1.513227216519206,0
0.6712155677641358,-2.0296343163896404,1
3.034963288350404,1.7066963552749428,1
-0.9518942559500042,-1.3887658268708811,1
0.11543102163734517,-1.2963326603841663,1
0.8073434534072377,-1.011245568155507,1
0.5921224911175664,-1.73479931684937,1
-3.347021983805695,0.1443982856182947,0
-0.346005178254138,-0.05380786468954918,1
0.05059078208807363,-1.5687622435401505,1
1.0011339284330438,-1.8026533992461595,1
-0.39410032436977105,-2.1785352269117393,1
-3.1740617320711446,0.6723553138088147,0
0.23458257288594728,-2.797235184028837,1
0.75925678642686,-0.4080659656057376,1
-3.059425480266861,1.350945718462265,0
-3.1373714854898087,1.5394182369941771,0
1.0984596046067658,-1.9283177850389626,1
1.2788413444477245,-0.5121487541148386,1
0.5726220162898303,-0.7245369862494893,1
-1.6225603008871121,-1.9450949037374592,1
0.5776779401759009,-1.0570612020724701,1
2.599687833576587,0.26753228903731635,1
-3.2120785293604937,0.18722643424511032,0
2.9979864166147348,1.5279852533671665,1
2.2737270562712117,0.4151014160460883,1
-1.0452940527672019,-1.3929751592113193,1
0.3946945371952614,-1.065550465543536,1
0.46974897316525377,0.644382141797043,1
-1.6833044689968018,1.9209813040607353,0
2.0743144524258774,2.363539324012101,1
-0.014761855596981927,-2.198714561924762,1
-0.7332437299831125,-1.0536495128803058,1
1.7174631353144256,-0.7431575600627867,1
-0.9813808819367308,-1.2448282150281091,1
1.6331881482945207,0.8562543037378307,1
0.2188428825469718,0.09390745420482793,1
0.569868037318641,-1.5813138829268287,1
-1.0825648934063903,-1.2378771914457218,1
-1.9215557792548554,0.8833267882001621,0
0.38679146067360837,0.8473345788732738,1
-0.10016457101828488,0.07202239315186254,1
-1.980516629496783,2.555162787190836,0
-0.31031158103312795,-2.1951416410114613,1
0.9206196264055988,-0.46950077750041763,1
-0.4942474663703694,-1.6136233404116203,1
1.9680044310762808,-1.146718816362421,1
-0.28711389157686845,-0.3688278636901048,1
-2.699423124869277,2.0188530973825305,0
1.528944265134076,-0.10248824157378933,1
1.374465685629668,-0.09412377700445052,1
-3.2822563811186782,1.371937705082531,0
2.6837017608331024,1.7277214968406365,1
0.6907857771107275,-1.2037219923187528,1
2.5812346595633042,1.1264718490647139,1
0.7915799914677377,1.2492836964268712,1
-3.1213702781259194,1.5836962926600289,0
0.46256259773461506,0.4077262176717823,1
-2.933893782848431,1.6539749668103638,0
-0.4347777325243084,-0.7861143439493623,1
-2.487956062040571,1.3514313749739633,0
-3.375430882281675,0.6055040947654196,0
-2.39770821940005,2.6186294395312206,0
-0.6823887456695862,-1.4489649299511966,1
1.078002075079249,-1.6343840299854495,1
-1.3371007251097604,-1.6272394168606938,1
-3.3222894195453683,0.936071746774553,0
0.7349662617919394,0.23178269652582933,1
2.045940188322097,0.7375431263336691,1
-0.40916582139173396,-0.1082261769773234,1
2.293509008791676,2.623328146526249,1
1.3162558257583126,-0.18224557256864182,1
0.22067768361346926,-2.844595643959863,1
-3.279301725797156,0.8086941362449529,0
-0.5828135012959894,-2.08933758612707,1
1.229562799863866,-0.6258326359159443,1
3.357618128824498,2.0364449778063918,1
0.6618307941965478,-0.22855969013944644,1
-3.088684141038022,1.4196133195073102,0
2.151540973339465,-0.04476727171859696,1
0.3917245472363856,-0.40745424438768896,1
0.34008413245751334,-0.1026363356044877,1
-0.8753844444181997,-1.0493057679800006,1
0.674117402631655,1.8521079771552127,1
-0.08271738870427212,-2.2236197532047584,1
1.1888937099501875,-0.7206117949873232,1
-3.407431874180417,0.4516831522639262,0
3.3714780585912,2.6600156661928644,1
1.710807620308573,-0.8287475487472815,1
0.2988085955049228,1.066756995508579,1
-0.8031671541086578,-2.320243483216985,1
1.1526580192874274,1.3792281425730084,1
1.3631818369709618,-0.12054140527322454,1
-0.4852494901169473,-1.969654392888481,1
-0.9421440414785296,-1.052079367609653,1
0.3539635051504867,-0.10555527324706504,1
-0.808297582214679,-0.5156022049744128,1
0.30560964847084704,-2.0802060548353887,1
-3.0223188496687197,1.7954622130975417,0
0.8867299141557345,-1.5764978078659893,1
2.58492818544651,0.9094944969909895,1
3.4245146426214115,1.729495039068442,1
2.3943072423979364,-0.33730782107198953,1
-0.05776167274244334,-1.8361790645358242,1
-1.3983585394851288,-1.7498142257780143,1
1.912096831288786,-0.4224457687246408,1
1.354903213719137,1.0633116393117839,1
2.053338521226228,-1.0974918054176825,1
0.6965829252767591,-2.226215885600462,1
-3.3829485738268343,0.1620810136009626,0
-0.026929857243837563,-2.704388189828654,1
3.3448841095984636,0.3211088681570349,1
3.484239043699556,0.7934191659381791,1
-2.2444016522212067,2.4691274882626595,0
0.09046633924884653,-2.233740545606417,1
-3.3087864099016455,0.2439299177514113,0
2.779009068907944,1.453160056529451,1
1.5018737107673579,1.4775334472617043,1
-0.8948859028992456,-2.075603332302725,1
-1.675324692344753,2.6240655092569733,0
0.156624548953705,-1.6142481834419256,1
-1.0802298207957524,-1.037616922610295,1
2.6848783823420947,1.3161948602316063,1
-2.3100291772633224,2.054651373027337,0
-3.2579778982483605,0.6532993943895293,0
-3.3943571109515993,0.3850608750700568,0
-1.850042016330745,2.4636911263031855,0
1.9478947704676013,-0.8145420078246048,1
1.3677363143813808,-0.6651775840451108,1
1.0357746822666496,-0.49145014936157994,1
-0.8909300999609839,-0.7159904121730725,1
-0.19628128713808465,0.3231389157344257,1
-1.8846890386833064,2.5641504923468825,0
-0.036681288384080996,-2.2002232267113038,1
-0.61711021765091,-2.102767025977111,1
-0.7003393950421353,-0.7732645523848516,1
-3.338165706094243,0.74217701092766,0
-1.066513178856583,-0.611780657516555,1
-0.6931891111084165,-1.8088504327610124,1
-0.25426157852523645,-2.9331171397706433,1
2.5031111386922915,0.9252004440307986,1
1.0779287257030015,1.2179188767543176,1
-0.04339482823613991,-2.1063622296106135,1
-0.5896064011544948,-0.3925022876611899,1
-3.5252342825580976,0.31326190191189895,0
-1.181151995228392,-1.3283567065114124,1
-2.668940625658196,2.0091902905408903,0
-1.35891675234739,-1.5213157696620596,1
-0.26300549920570837,-2.021526521779145,1
-3.0692449822462944,1.347206514090753,0
-0.8586449170267569,-0.34053952897668727,1
1.5228474754253594,-1.3351912023736627,1
2.7871633394860793,1.1906240688254477,1
-0.42904126731127334,-1.6905780888241742,1
1.2157746172714525,1.8686529611091596,1
2.5773324692577266,2.4765059726773666,1
-2.835857461105625,0.9868723299661095,0
1.130767982520224,-0.9754605268354508,1
2.010271999965532,1.1208775524530488,1
0.7364191115659179,0.8207035273142493,1
-0.8505587004058578,-2.4965038028641366,1
2.450562455099216,-0.7724536861574491,1
1.9710958995563501,-1.1105752901919959,1
-0.9401975986778003,-1.8329504508173349,1
2.083686502167478,-0.9467994595877938,1
1.283906480121097,0.8323284371110533,1
-2.6301296339676323,2.353950302496173,0
-1.702041687046138,2.8456032688551427,0
0.7204127697261281,-0.9869748694864282,1
1.5491796553598027,1.672980149376176,1
3.2599596390380694,0.8553610571840857,1
3.492059774086575,1.8278938383596794,1
1.406150563846623,-0.717983331437227,1
2.726585791690709,0.6590208132448473,1
3.204392377297165,1.5381462844809368,1
-3.0454994224155674,0.49884013753264933,0
2.8239751863466087,1.7139673338862413,1
-0.6973513210270631,-1.174164632943429,1
-0.5567379472523676,-1.4327692158606544,1
1.1235509143465765,-0.17551398935401075,1
0.04335176168371266,0.5524344285340976,1
-0.14408130800895338,-1.1742749689842582,1
-0.7017639999031591,-0.3244864406212402,1
3.3272810090424,2.018022420739088,1
0.9952912170939929,0.9079967458350537,1
0.4790734625651569,-1.821929987130435,1
0.10793207195222218,1.691441708567998,1
1.3976564377803224,-1.8098050722385386,1
-0.36097124970564765,-1.5526234252503839,1
-3.1798249213921665,0.7967883130673293,0
-0.5670548417672272,0.39934792253646484,1
-2.825551978283039,0.4028550170450789,0
3.512175205195841,-0.7744302083119639,1
-3.5106853657894543,0.31104187848765186,0
-0.390734413251608,-0.02253638824475218,1
3.492590652404768,0.928454457034597,1
-0.20626700525552938,-1.1322722734345798,1
-1.91892486106229,2.570509174101826,0
2.4090246292893673,-0.3501525905654044,1
3.16539812190494,1.8035274154094998,1
-2.890030310554835,0.7361115890137262,0
0.45703041697919544,-1.8239557224157759,1
-1.341912949896059,-1.8897682448478221,1
2.723502427313385,-0.06843971213702621,1
2.057096888844993,1.4319119333804218,1
1.6080720082666304,-1.6028189428939847,1
-3.412239345147428,0.822093628064308,0
0.7270091734825563,-1.1082326041096924,1
2.002392964042473,0.6356012614252794,1
0.13115988436571455,-1.9557428358297422,1
1.2568786504787977,-0.22069129199888926,1
-0.38469331225380426,-0.8989050670607759,1
-0.14022526534511415,-0.08084537235607336,1
2.7285327002347657,2.069891757906492,1
3.166661260269317,1.2103491529647725,1
0.7102120942195551,0.28753315885333214,1
0.8144583652242778,-1.4433966948151622,1
0.4826812846093943,-1.003538154912587,1
1.5656589902731395,-0.3810295308023417,1
-2.052320973868987,2.7409391373169862,0
-0.22236042510760054,-2.3360108662891594,1
1.1395869790210253,-1.1328356968648308,1
-2.844558224715352,0.9570749779140826,0
1.289638316731724,2.1762466028300187,1
0.6169336818237792,-1.6436481241687515,1
-0.3355949019260862,-2.655474677525058,1
3.6771938790766803,0.8922167572416915,1
0.9878180519757696,-0.5886204338386605,1
3.2969314241423455,2.5941826091709754,1
0.4797227502416148,-1.5148393533337687,1
2.0965040746272083,1.0447789878827152,1
2.177967921063963,-1.1381967009068856,1
2.9294785802017302,1.2336410895706982,1
0.7223618405951728,-1.384318390501473,1
1.1455001582396562,-1.002918060901695,1
3.316832836392376,0.7265400989054027,1
0.9030693227983506,0.8685831128110493,1
0.48997640256940467,-0.5558145292441423,1
0.2493179340527524,0.12930913876119343,1
2.158980235328085,0.6172419052373406,1
-0.05005061351556439,0.478206688745907,1
-2.742485060694103,0.6951695571451835,0
2.168594931734062,2.3261424859867628,1
-0.6569225680730063,-1.5048536867019509,1
-0.3291076773074942,-0.33143605714226787,1
-0.5129547364041624,-1.0733565849856948,1
0.4331921196736551,-1.9417670611198194,1
-2.2618372301812384,2.8791297250177883,0
3.577442425548624,1.2316890291865425,1
-0.7154934530504055,-1.5246910108116842,1
-0.11533283425071525,0.9008971214732517,1
0.09377768736102884,-1.9014275472226414,1
2.594100221066624,1.1597269992736023,1
-1.805176601048264,3.0086515210858162,0
1.077920129618272,0.34051714782490444,1
1.1660501111559323,1.9163315036381139,1
0.6666834829122024,-1.8621057814756874,1
-1.1633665226306014,-0.9710894727447625,1
-0.6382523215949198,-2.0824198630386626,1
1.9879649305562255,1.8601121216018195,1
-0.21163986675009208,-1.752630251412247,1
-3.396096215018465,0.3603669804398534,0
-0.2632569414107351,-2.3651227706835147,1
3.030826792850117,1.4529157861067987,1
1.034434292203412,2.124292792242419,1
1.9537257540790225,1.169201074110445,1
-0.6887007757776864,0.1674235299252888,1
0.5275487752181961,-0.4921284471847831,1
2.506651010356161,1.6095862814697517,1
2.8329784146386743,0.48242017787932523,1
-0.0764513625407531,0.5528551095206435,1
-2.2813813970516854,2.3600641784929848,0
3.2592838084690343,0.21168639605926795,1
1.9217111012706904,-0.9745022658937412,1
-0.3042056724026478,-1.7313329033436609,1
1.2141964179587517,-0.6417481790974446,1
-0.3063822665643361,-0.918995842958394,1
-0.27497211663282667,-0.12706602768400022,1
-0.07030807149465249,-1.9264517464846054,1
1.1693491590641802,0.7836892949813046,1
0.5938922376948601,-1.2447757378194064,1
0.19914007535643172,-1.753125836921273,1
1.7692665131159466,1.5394207811053804,1
-2.327116023290249,2.4914881875327755,0
0.4639071430851268,0.40058602107557395,1
-3.1911875681739867,0.7500910836576737,0
-1.4660852035773797,-1.6977397368448606,1
1.415040127157378,0.21141364480990302,1
1.34284644402568,2.1789389627429396,1
-1.2948501350030375,-2.2653651614224746,1
1.9937877576481513,0.5778530384491581,1
-1.1205188758431701,-1.672198068795312,1
0.3002995290084639,1.0177123188420003,1
3.666432641235359,1.5670436803737287,1
-0.1683992730363519,0.5216469078630568,1
2.845510274452441,1.7001806013846734,1
0.5867815579034168,0.12751588646642742,1
2.812435205602064,1.3210580197140496,1
-0.5069589481032214,-0.6309476306548336,1
-3.176135662558059,1.0570485237390126,0
-2.9088489687608043,0.8094709625665475,0
-2.9501810744068298,1.9166956765746144,0
0.9106824977846371,0.8815181341272198,1
-0.7693789232472629,-0.9474442818734217,1
0.866220183515036,-1.3656324251525773,1
0.42746187300374894,1.255020962588215,1
0.07927156983830128,0.2661608569339866,1
0.35839352191809803,-1.169140670996778,1
2.62679690578704,1.379404174918753,1
2.215631788614515,1.2183379813919117,1
-3.542128615939032,0.3195887513895366,0
-1.102723993342508,-1.1575451095335698,1
-0.3261786288642519,0.2974857607427478,1
0.7884242535435526,-0.7122409175475866,1
1.1566012923561368,0.6223630493056775,1
-0.030624238611209553,-2.7445267726557763,1
0.247926708288244,-0.9316380237612654,1
0.9458868502957849,1.6283999410901275,1
1.5908934142605697,1.8804095109654688,1
0.6718110181779114,-0.897403650201936,1
1.5884821288827506,1.266886333928442,1
3.742076602440046,2.343241470586592,1
-0.7027419640868903,-0.43983903140093705,1
3.4275273315348773,2.3787447747095776,1
0.9386646942989869,1.2528988936247392,1
0.3668490747481966,-0.9932835962177362,1
1.1663887159962365,-0.8697323468378739,1
-0.5177568805657806,-0.9880172723537535,1
0.0713482907490263,-2.0252002389762267,1
1.7011470425496082,-0.2207734385031106,1
-0.8592684251387249,-0.08421291518966645,1
-2.467750967021066,2.4232275102340655,0
-3.2981950773922386,0.7178621008662474,0
-0.9707276064289384,-2.1346173842084673,1
0.2983108522419047,-1.3594933990895406,1
-3.254962746349835,0.7370278262632917,0
-1.8765807077991827,2.894718586437986,0
-1.936940342061759,2.949213280132466,0
0.7727136101934283,-1.3174981311423835,1
-2.4763230038524364,2.4509150484923348,0
0.7918438616168688,0.9398514890127672,1
1.9971156481083951,1.9403571771718842,1
-0.14347243288345465,-2.88569858439085,1
-3.0290881854563465,1.0894398527612001,0
0.822255266121666,-0.9018077180403188,1
2.455117832096482,0.698647402223836,1
2.718222247890225,-0.39826462328487566,1
2.964843591113381,1.6717488300436276,1
-0.0044654284233823505,-2.1645302879815276,1
-1.1465107044642067,-2.019267862949304,1
-2.8769141143788257,1.088319836693892,0
-0.7010764744740295,-1.8063330122133805,1
1.1962586151378907,1.6726566449133482,1
2.289715356672833,0.5400563827078962,1
-0.27030987607136525,-2.3241986074793655,1
0.8245452488536464,-0.9426278690614232,1
0.3760028557959899,1.1609095117732877,1
1.0438592576637729,-1.1613019125654769,1
-0.523304708292081,-1.604945303261324,1
1.3165223560078605,-0.23128931674562336,1
-1.1529003355699292,-1.8201765250628061,1
-1.6232675128444127,-1.6683698140032033,1
-3.4345029881697657,0.8004883558380769,0
0.39250914190929154,-0.33543121236592766,1
1.3880970180179144,-2.019813069774918,1
-0.8001286108604754,-1.0516252147759348,1
-0.02994364066379962,1.4579845152568798,1
-0.6101567386519596,-2.4948641574614348,1
2.376538643096089,0.4381014621322628,1
-0.1714994803481964,-2.0408290918293175,1
-2.712663843780519,1.5155659014966265,0
0.08771496096615458,-1.9838463483506774,1
-3.514348770663448,0.3396074033939933,0
-2.637066693505234,1.8328492039730873,0
0.16975319579630452,-1.2940350110872638,1
-3.0130248599454057,1.4566991296377836,0
-3.2404657338919223,1.4171397274037276,0
1.8823579412056028,0.9539261847303451,1
1.7139151118390212,0.42475329896358915,1
1.7857331254150892,-0.0307747268475021,1
2.742641035079426,1.4229868574128837,1
0.6017148393131838,1.7826185241229886,1
-2.1956374198111344,2.052436731334837,0
1.3555131899493036,-1.7137208112876037,1
2.4684492511390794,1.3644528355335703,1
-1.1345248300476447,-2.338275767519841,1
2.2552537864334616,0.35273639677006186,1
0.7348574773838298,-1.314298039964465,1
2.842310448964153,1.0765412308200157,1
-0.5811826743549395,-1.7487700057979145,1
2.112430777231372,0.7287779838511359,1
-0.29482392257173007,-0.161803308930079,1
0.7346474593121979,-1.9337293536862532,1
2.004234742327369,0.7042822189979268,1
3.4199492871483836,2.434836606115728,1
-2.923287574582079,1.6169144898762158,0
0.8239592816852448,1.9945608460543605,1
0.04969240390308913,-1.9781417286731822,1
2.722571813283796,0.7891743773705815,1
1.4180714404956563,-0.7639865968908319,1
1.3641759921934364,0.7762486070583666,1
0.8574036292790725,-0.785656937574158,1
0.29194546029203483,-1.5243887473444577,1
2.0579466001382887,2.247121390552353,1
0.08001916410698826,-1.5020709997676531,1
-2.633182350104389,1.1532839798308374,0
-0.3202408825128719,-1.3410716793047994,1
1.9882691050807157,0.593487591296517,1
1.3736842283124064,-0.31828689952594513,1
1.3416824282021182,0.8203123909793699,1
-1.2608717497638986,-1.3907141443860862,1
0.10838738679646695,-1.8439083518071082,1
0.13225634972562536,-1.5070833391497824,1
1.7366687652887458,-1.3787866097246537,1
-0.6490891493468028,-0.8406253512870474,1
1.1706375436562344,1.6852234086560651,1
-1.894671560167028,2.3348546463533317,0
-0.9731732446210897,-1.4049791733651105,1
2.4358285781712934,0.31575727116204155,1
2.09298361531228,1.0787618135794497,1
-3.5305994242175203,0.31645489799217885,0
-1.5678559643213799,-1.8925958619082013,1
1.9410484452939831,0.7486798828853227,1
2.580857260921844,2.120492020521083,1
-0.0461574514622759,-2.1712859944616714,1
2.3460104752957145,1.4714909358971102,1
0.5643737042975426,0.7358801274780122,1
0.5742815497529902,1.0538444991450968,1
-0.1335573523504134,-2.6625855018985147,1
-3.324242615436001,0.47909859434255253,0
-1.2335331798814075,-1.6560550239835576,1
-1.0537492604286545,-0.8962003548037527,1
-1.1825182109540255,-1.709185364814629,1
0.45598200238699793,-1.4452463281002697,1
-2.7489320675597435,1.8496335109154125,0
0.6162167138083662,0.7547123111923245,1
1.320923467462179,1.0591359029373084,1
-1.2468475784679696,-1.5779802491296726,1
-2.9195823065670465,1.1412257733716338,0
-0.37607794809233663,-0.6245657073273405,1
-3.0547377103750626,0.932624212037503,0
1.9144484895981655,0.8428766791397871,1
-0.0813433534083873,-2.172473699643869,1
0.5671423397552671,-0.8045216803767139,1
2.47810473640098,1.0931459590056751,1
0.3687315352454128,-1.5780520025731364,1
0.555861345978125,0.11300341203198916,1
-0.6432677985892564,-1.0129988145410669,1
0.0983490739134519,-2.3248051915626995,1
0.37449693676024887,-0.055300357987753124,1
0.29752262847774247,-2.2952599784634797,1
2.275986120289244,2.205622306771379,1
2.4616724207203347,1.272190250085599,1
-0.6121299633290024,-2.0692803531419495,1
-1.433866918751517,-2.1168074776650254,1
0.08743037837088483,-2.8873865411453012,1
0.5480294778605669,0.4360140867499936,1
1.4669896464110581,-0.17598317575812716,1
2.770583564954521,1.3731182737442411,1
-1.3089732832662158,-1.877053512561449,1
1.629372093386272,1.3181773929791467,1
-2.8368698943848694,1.4304518070301024,0
2.491271771132081,0.2795153835172208,1
-1.6506833925120663,-1.5392240405616306,1
-0.8801202248753518,-1.4704226008156145,1
-0.30988119716765344,-0.6891971446772691,1
-1.6675842798053082,2.721317389867524,0
0.6969711653540537,-2.3275179354259357,1
-0.13647114674255836,-1.7255560569332,1
-0.19322153967941566,-1.9135135644094228,1
-2.3676784305585237,2.3005514651635326,0
0.4565215682150191,0.6502576885652729,1
-0.9659433056748086,-2.2742533839677375,1
0.4550342159645885,-2.3547815631237534,1
0.5277538992832503,1.461857940776979,1
-1.6097865406806111,-1.4056592898309526,1
0.2643588391137739,-2.0045187895405343,1
-2.749088652783151,1.9717133121878225,0
1.6959455101446124,-0.18537465093588446,1
-1.3663188954424352,-0.4689354958484776,1
-3.5190702324960084,0.31332104459482113,0
-0.1960367433933235,-0.4512219799020625,1
-1.7371960442159404,2.8137940369921854,0
-1.5620101323424276,-1.6267260091492606,1
0.846070962314228,-0.8247935412754477,1
1.8755007384189295,1.6354823199311055,1
-0.6056855274080829,-1.1455227178368141,1
2.4390592535642774,0.7896158005291385,1
-1.2336474041373857,-1.8197548226843514,1
-3.1549817583980633,1.630991697942734,0
-1.0618361226902076,-1.775872260013525,1
2.376097829654785,1.0832992088492372,1
1.3459495129791665,-0.3792386255466449,1
-1.1589542030266098,-1.1997965776184487,1
1.53301453494009,0.32005157285607994,1
0.7339780947392759,0.08962722332860884,1
-0.7597792057514576,-2.3416889988067258,1
-0.4053883826443493,-1.830250252901687,1
-0.1462423823083104,0.7904669329949233,1
-1.889753605857026,2.3218171780490247,0
-2.087556596407101,2.201994116804264,0
3.4343876952279304,1.3241587526040162,1
0.24905400558856458,0.4937938851129636,1
-3.500897841009732,0.3364190095884343,0
2.240495587016682,0.6287083671285103,1
0.15652442989488421,1.3580773684270897,1
-2.8674013414834314,1.50571535095046,0
1.4327319989270255,-1.7566953877056295,1
0.20412487916292918,-1.1744541093624934,1
1.8589650078507824,1.6526288644119516,1
-1.1697531296689032,-1.6302914650136238,1
3.943771277593789,1.8067779788472684,1
-0.23220236624320914,-2.3718030522057485,1
-3.077913832049727,1.6117746181094967,0
-3.415512438112193,0.7935917148336469,0
2.7733277003145553,0.8773595225397957,1
2.178109106832837,2.0059374907425145,1
0.1821202998646104,-1.89159403375682,1
2.738122171972583,0.9795457815496156,1
0.846091313872553,-1.2734967392674719,1
-1.4179294535059268,-1.066219143127655,1
0.10697930647684148,-2.161674533865401,1
-1.8075519594587899,2.7903472921103454,0
0.5060839616970104,-1.7007835456111158,1
-2.668704295831845,0.7020539004959166,0
-2.9697791575263603,0.6409555746588631,0
-2.9327878656410142,1.6624046427827264,0
-1.0654701213554656,-1.9894137932754745,1
-2.347166181837906,2.042281916616634,0
-2.247233324503515,2.9070231454233606,0
0.06567053377169838,-1.6525680810899734,1
-0.3493053723431212,-2.0659275687465035,1
3.6989234038457037,2.548295915701858,1
-1.2003214535149787,-1.6570144905850213,1
1.918186139398424,1.0534609099760577,1
-3.3694477653965103,0.1601458859401117,0
1.6873772143110923,-0.40342455720092985,1
-3.465218072472865,0.3806542123308839,0
-0.35916606258815054,-0.2524241519856344,1
-0.650577354728738,-1.08210715006393,1
2.074814215258356,1.8474192173266641,1
2.4722503503882773,0.5928571449965225,1
1.728359942082904,0.4336985217342388,1
0.29959102357725476,-2.072420824072723,1
1.6709526991043415,-0.1436968871100227,1
1.951488602467094,1.0166941634639235,1
1.802720008959276,1.729085447121138,1
-0.24470400351253707,-2.9374497189045083,1
-2.795643047121518,1.0996454156714217,0
1.7774140907036886,2.2365197585609837,1
-1.1058330716000386,-1.9819379671459743,1
-2.61649054817141,1.6644409436780856,0
-2.7705331254600716,2.198500836016852,0
2.328777895920162,2.1581046484768427,1
-2.6526741342537488,1.7943881034421287,0
3.4764513487980886,2.18712191310569,1
-2.2690091656056914,1.981636557031673,0
0.9247145342405005,-1.3285443917211863,1
0.3127561643779132,-1.4398798070389245,1
-3.3544833421417564,0.14816107322536687,0
-3.114186200412058,1.2418050375561305,0
1.8520522665552177,-0.33401802572709993,1
-1.2378689576558435,-1.8758119434904001,1
-0.16722611801952114,0.31131341353367803,1
-2.9180688065024074,1.1989840612169036,0
0.18000237219764545,-2.1315042764280085,1
-3.292228536417812,1.0324621175587372,0
0.6817030888090579,0.5485662064815089,1
0.732531030073973,-1.115382118681407,1
-3.459420103960422,0.32614655632525014,0
-1.9357520157061403,2.3945301899431106,0
1.168745793899706,-1.6184109790298478,1
-2.509870945783881,2.429824699308428,0
0.529661650717404,-0.9640119834596734,1
-0.380528765144276,-1.6207403085081915,1
-0.6680662657490634,0.22885502298751295,1
-0.031315686345240956,-0.5457776752857895,1
-1.2330395410452122,-1.8189557846268882,1
-0.21926711763413567,-1.9951421315482745,1
-0.7761044916194891,-0.8333530100473183,1
-0.8145355582191257,-0.476093015944958,1
0.6312518269956371,-0.8005321119698281,1
-0.8706431835344909,-0.25833809143654185,1
0.7482717415465304,-0.8602016451752441,1
-0.20935172398872884,-2.388852735857075,1
2.7910835428437233,0.08153256623660371,1
0.23939340091167868,0.2518722050603758,1
1.6275972565206354,2.041494439012177,1
1.9810915677036156,1.2136513882899655,1
-3.2174436710199164,0.19041943032539022,0
-0.29005557752462874,-0.09073222143396731,1
-3.485836980515644,0.33247860128904105,0
-3.3734720488078467,0.5493001940903646,0
1.2118741370315325,-1.2570986171238336,1
3.2093264547415434,1.7067495753297628,1
-0.11290508565166768,-1.9154915862924855,1
1.371500374983472,-0.7602207804831234,1
-0.3253625942893611,-0.9123107749041226,1
2.5035209652746286,-0.008230387538908202,1
-2.89102427344984,0.6993677422450452,0
-0.5706454786801056,-0.9918126626839905,1
0.3477527491423139,-2.429002123711453,1
0.8124075393507753,-1.4652072750518497,1
-3.1410401972967548,-0.13268326600900593,0
2.013185397063992,-0.3854280897887574,1
-1.8034817737166517,-1.5207190917911557,1
-2.5167327134114057,2.13957602235352,0
-3.054030276290714,0.6798340017460911,0
-3.1054955140117193,0.47639616786306793,0
-0.4733085588916316,-0.7901316366062894,1
-0.6712482141883163,-1.1180072604125062,1
1.9887795631128562,1.2005412094778394,1
-3.38412128213298,0.16413442662765787,0
-3.4496755405672928,0.4307051127649594,0
-0.4524635984962083,-2.1897750881129983,1
-2.4226803202074776,1.8523932448005254,0
-3.1960914481427416,1.0786200023351906,0
-0.4704513747553356,-2.2429506583544985,1
-0.45187739167362617,-1.8181178713623045,1
1.234537552442105,0.858382916465068,1
-3.5655636977599556,0.5310371583366111,0
0.78945009983638,0.06435032274243974,1
-0.06035548815036107,-0.7516041422371973,1
-2.9258020085267527,1.34199212092081,0
0.0387422989055311,0.518743027685139,1
1.3192377932870856,-0.3291064920888698,1
-1.1287072569733552,-2.042475684678073,1
-0.14694735811070114,-2.1661444509305983,1
3.176529408400095,1.5876628271564603,1
-1.773215787450043,2.2369962398410586,0
-1.3731987984219751,-1.851678598967084,1
1.067478045173543,-1.3361812135861915,1
1.2093087509797362,-1.1221397705306424,1
1.3825603243648976,1.2063297448844712,1
1.055604862251411,0.2899043615917844,1
-3.181094107757646,0.06855970321264893,0
-0.6174934970201943,-2.4928698871176618,1
1.5501079821719566,-0.4919006088282112,1
0.5663129994277967,-2.0787663398970007,1
-1.1377228727840571,-1.1598374060587804,1
0.09784708574262432,0.505706875947303,1
-3.1981804508683154,0.5018267517815229,0
2.2861325177642358,-0.7806186656904215,1
2.3206838502877187,0.033441226432700866,1
-2.8352861063067683,1.2299094405812707,0
-1.9116064960618917,2.570004105415978,0
1.0540558882393978,0.8586865613730061,1
-3.3833698347691703,0.6947624822451877,0
0.5475987221269004,1.5161775311504986,1
-0.7307796273768161,-2.2730935069604863,1
-3.297457821130099,0.6507319463441213,0
0.7870868802037165,-0.027091347019476575,1
-0.864235756033677,-1.3491645548417983,1
0.29315452413261744,-2.0962438513728725,1
-2.818017180588186,-0.03756784698859372,0
0.48463882619578014,-0.15620122275745585,1
-1.3274863083270196,-1.5963581946791767,1
0.13012749661436648,-0.612800210362412,1
2.901569244564783,0.8735393090808472,1
-2.6013984677675714,2.126765047065306,0
0.35255285131223435,-2.208513368336767,1
1.2708964991892382,0.3865343063165188,1
-2.5869453226585684,2.015232825697744,0
-0.32042920726682034,-2.146303033971095,1
1.2332511537100923,1.541436478768478,1
-3.447013565844101,0.7035033623632326,0
-1.0608914220667862,-0.759076026178894,1
2.282563795775191,0.9696301410286361,1
-0.42350712717918604,-0.37309021563641687,1
1.6890664021081536,1.1596652229561553,1
-0.5151350147188442,-0.8967289633378743,1
3.3847553865392377,1.6265477497513474,1
1.3855232887202058,-0.3731500326283417,1
0.12899476902455528,-1.5000640917005064,1
1.1265313364423828,-1.4507625462773848,1
0.16378848015223899,0.004825345077046683,1
3.4326887651143823,1.0318505001061007,1
-1.4849349659756603,2.118431448571098,0
0.7198222214140403,-1.4688576112995335,1
-3.5305994242175203,0.31645489799217885,0
-0.40535845207229104,-2.280747306699393,1
-1.4714014639739177,-2.066948699258397,1
0.6261839818704251,-1.6470909338238302,1
-3.3248716365881488,0.8897145524259464,0
3.427163409668187,1.7492346581606744,1
1.2494001343294678,-1.4447034778818941,1
-2.883649266814785,0.7082459418568993,0
1.6505181789971781,0.7647886910847206,1
0.8035927564124239,-1.3826976498784334,1
1.8380161734896034,-0.1536148000208848,1
-0.9437464988652059,-1.895561742466946,1
1.2917762207158565,1.1398559722336943,1
-0.16348972800964734,-2.0028970725721513,1
-2.8492967186785547,1.6058316132098007,0
1.8812574817376089,-0.10858650950910431,1
-0.6000105398368066,-0.25167706586575167,1
2.0174160711709477,-0.7430638893543937,1
1.2149455230310848,0.03708013997093296,1
-0.7399897472912185,-2.3453335010479535,1
-2.4396327135028093,1.5659159828846703,0
-2.342911436992731,2.20069902795988,0
3.379706676976762,1.9549874330974966,1
0.4214383438224595,-1.1744862239377802,1
-0.5593622698212407,-0.19271185630626086,1
-2.3243116668138817,2.1352143934166903,0
-3.204028728045019,0.35427245457131823,0
0.7782788504787442,-1.9822034476196606,1
-2.2503028932310296,2.9212482841540757,0
2.4337965432920736,2.4310354851682106,1
-2.687279350460568,2.338297760617318,0
-3.5222145575109662,0.3141757318850096,0
0.38732191191747467,-0.08457216188343497,1
-3.5106853657894543,0.31104187848765186,0
3.1547373789856135,1.2808048870067543,1
-0.08255473960951673,1.6130866186914419,1
1.2242357150662266,-1.3441202750262973,1
3.9010270208020557,1.824872101558154,1
-2.541461905620567,1.1687692374376222,0
0.29694023212208265,-0.6958978331789138,1
-1.9199687757381128,2.555958766824012,0
0.18150834646716726,-1.74944610073557,1
0.6538847287397481,0.13701620559552807,1
1.2049727724398227,-1.0874967683346508,1
2.8494341631352484,-0.04668528169756242,1
0.17303641540623158,-2.2938683615709783,1
-2.6401269875812208,1.8904647012407343,0
-1.6130174776898047,2.8124922788256494,0
-3.2270570228886917,0.22073588656981474,0
-3.0095606185020456,1.346181219572442,0
1.3539292457091914,-1.5491011848020555,1
-2.587311344293606,2.0223844467418717,0
-2.2100513346903568,0.8361589506803369,0
-3.146328546274459,1.128236375419048,0
-0.7597792057514576,-2.3416889988067258,1
1.0882474493478225,-1.544449024444553,1
-0.4639272850053191,1.0359822149717965,1
2.178769338792748,-0.315443898629592,1
-0.5356313655312687,-2.4367964335932975,1
2.2795374884296904,0.29382377376499075,1
2.9572472078560654,0.7982032474781819,1
-0.3568935556617914,-0.287065815024903,1
0.7544030285223189,0.8932273694583139,1
1.4722535581107836,0.005197374530976018,1
3.318973868874068,2.165767535121067,1
0.4099819683943363,0.5389666146971432,1
-3.334180107372776,0.5704688446520677,0
2.198811798920368,2.0791328823273147,1
-0.21243167118975811,-0.41980518001718736,1
-0.5008184208640878,-1.356569009495671,1
1.519756997651422,0.8520600064747749,1
2.205815050297788,2.066098083754502,1
1.2188021528099742,1.9201114137192683,1
-3.3959716150506383,0.3585984631765544,0
1.3798321679545669,-0.01675994002966602,1
-2.4973536299166694,2.3943783457201575,0
0.800614884054113,-1.000963366137694,1
-0.24889643686581386,-2.936310135850923,1
0.4780539494607997,-2.6840774353441086,1
-0.10077697909284791,-1.2634180257300134,1
-2.5291863357465423,2.1255492325506418,0
2.3313825792121663,2.00806887593518,1
0.9916224287991262,-0.7015555621865306,1
-1.4621716113696663,-1.8200686333545018,1
-3.0064684754400055,1.3593936986967736,0
0.22080059244603753,-0.1213145467135337,1
2.836662423343372,0.7518689935403406,1
0.8926200251842444,-1.46008908540372,1
-0.481812578437397,-1.4358326762354543,1
3.822447102975872,1.5755718437853903,1
1.97546454497819,-0.3852457447233122,1
0.7825966842349948,1.2406446952134589,1
0.7613056109534468,-0.6589186400439782,1
0.2746580288619681,-2.2017547744435464,1
-1.0539043781224529,-1.730440920212593,1
0.1642071815944651,-1.33175128174376,1
1.032833949415717,-1.5912843470864968,1
-0.2754301099112027,-0.9011445491666774,1
0.19864661378882606,-1.8385433533381508,1
-1.843249463522225,3.0161697866582635,0
0.1567560821407303,-0.9290972597749314,1
-3.2230868091351916,0.23036435529199475,0
-2.5602849556776834,2.1205368391109576,0
3.3870484075802696,1.803347372896462,1
-0.037424463225625204,-1.8390119408006433,1
0.6424012756719105,-1.3108996921956562,1
1.7747888206377354,1.4995899703979432,1
-0.5162811192486703,-2.008492390825445,1
2.5585471496709506,1.7982780587121703,1
-2.988918170647369,0.5459032071468467,0
0.6877460379607877,-2.50390165408883,1
-1.474574732267513,-2.0345828837082514,1
-1.346584141958581,-2.046224568863703,1
2.6664125767033227,1.3387580573997995,1
3.597324156695384,2.470586930889566,1
0.5131747789429251,0.5773331718750814,1
-1.5691195520317172,2.2761582398846127,0
0.3983250611647816,-1.7206980398292862,1
-3.01253189344139,0.6399368529796124,0
1.8362698440197194,1.8666126723886318,1
-0.12320086893504711,-2.6636659422691773,1
-0.17412606127114294,-1.8922609760522233,1
1.3246641521841587,-0.28119533599303925,1
-1.810829592129082,3.039035472143927,0
0.20086173120755155,0.6658452233239345,1
-2.5693855857686563,1.6325539672122746,0
0.3267731290928986,-1.7755585282602908,1
-0.039030096775397566,-1.4108179771614417,1
-0.4738815457364174,-1.2264661279105784,1
2.935739578682752,0.8654695256150018,1
-2.95534466018263,1.9188477234246948,0
-3.410077862975132,0.751661444671021,0
-0.8405814614428126,-1.5069625754629166,1
0.9155963014551733,0.6652754114816863,1
0.3977668304274723,-2.433884775097062,1
0.13627538569355688,0.6454038204328872,1
0.9078879885999944,-0.1457186106481353,1
0.4040727368411733,-1.1097470673473069,1
1.3973909024559295,-0.7774949659327393,1
-0.4616126407339828,-1.997501379442567,1
-0.15941741373548582,-2.39825618056274,1
-0.3182120967412466,-2.232852979926607,1
2.2201508863778745,0.4130421946974764,1
2.8901685904346737,2.465504105584909,1
-2.1443284885041987,2.360959116543447,0
0.022163892461791096,-1.9833190799134397,1
2.551597393668012,0.07842159367891588,1
0.34304832368788984,-2.0380908320674553,1
2.2284617877478623,1.011554419648194,1
-0.8278621260771191,-1.6781501423815932,1
-0.06850257083162531,-0.3049692450341446,1
-1.2671192647714304,-1.8403254965017193,1
0.61980695279416,-0.8920823284393937,1
-2.4458093469426845,2.110048395526732,0
2.394388401975396,2.4144077563045516,1
-0.770836159590312,-2.099284553111224,1
-2.987009704000045,1.5524003700579143,0
-0.4435246739478004,-1.6314113768765743,1
1.1440390609120832,-1.508918787697445,1
-2.5612708258337307,2.1519695654654187,0
-3.336313165329253,0.6241631933414652,0
-3.301361164888039,0.19041492963704257,0
-2.0578776368823686,1.4684491786844305,0
-1.463213952224456,-2.1088303962899326,1
1.756272237722135,0.5992332923442218,1
-2.6797052322665493,0.8092652602111923,0
-0.3103379450833676,-1.11924357185074,1
-0.6566502039159064,-2.277148043719645,1
-0.051146642721799085,-1.7135604591497526,1
1.0104781898869735,-1.6515142914883647,1
1.1005689310738564,1.5791483336276815,1
0.34957784719739404,-2.6034056162841375,1
2.540088146964083,0.6811029772316619,1
-3.4394829640066384,0.6744233554198134,0
-0.06574650829018164,0.2419506734532865,1
-1.4233183812467567,-1.8925061313378047,1
0.8029113679786093,0.2925809411761717,1
-3.0104236521841976,1.3672986915709149,0
-3.144606653032381,0.42406186901922654,0
1.2046061759257585,0.46111484209811016,1
-2.7009905392236364,1.691635850124056,0
-2.696465375476635,2.319642085233881,0
-1.0209841466384337,-1.2133207697293749,1
2.0046538935195213,-0.04072385217060753,1
1.0033747769462389,-0.24002172898121743,1
2.1622940880078807,1.638257615959538,1
-0.7715006947668666,-1.2298437808437965,1
-1.0980762987285837,-1.6275435286853708,1
-2.574199190241559,1.421619723289111,0
2.0504983293210652,-0.203496764050753,1
0.07961181342005971,-0.14904885267984858,1
-1.3835256923093393,2.369305048305683,0
-1.8581474532373223,3.014650515883478,0
-2.4203776738863114,1.9827707442246187,0
1.65975880366293,-0.6505128780659537,1
-0.5459503400980666,0.3305560170537554,1
1.3279920920967219,-0.06311650362208154,1
-1.1165958589802898,-1.235956219958074,1
1.8041580638815826,0.8955798559466399,1
2.5516087428073218,0.9241111212439079,1
-0.05792382144262512,-2.1476557070419187,1
0.6374522429515256,-2.258074089775378,1
-1.4622904438539632,-2.10734677479003,1
-3.5190702324960084,0.31332104459482113,0
1.2275331584676068,-0.10065210503065286,1
-0.8683403914752833,-1.4441900276519524,1
-1.4123270798815046,-0.9571581178068724,1
1.7619007064827583,-0.7301255278550736,1
0.6167630159225664,-0.4281135232322224,1
-0.6658370270316408,-0.43059349050303486,1
-2.3274322008606947,2.1751961136426567,0
3.4596052113259126,2.034497594423179,1
-3.3247914678540718,0.2194696581874163,0
-2.540614676900261,2.6027541149608893,0
0.7981526048524985,1.1314577692897556,1
0.7331881998456679,-2.0029900645221437,1
0.33784743100343284,0.163861455502216,1
2.9625041206965377,2.1289761334299673,1
0.17736807948406605,-1.7042861771634121,1
-2.359409639029821,2.7188915734036034,0
0.259325671544253,-0.7213958083817802,1
-0.19004860352073558,-0.7513151614392855,1
-2.3374972939408325,2.0027606033145213,0
-2.3529510251989767,2.7100846271317196,0
2.48381695791732,0.14167368757657828,1
1.9719735576259725,1.0331379018439941,1
1.3178584455512468,-1.5326711786852543,1
0.5740494967460572,-1.5933315681281175,1
1.2955953470805208,-2.117977321636262,1
1.7000326386027917,-1.1882448807664856,1
-0.08561449103131144,-2.014904389742823,1
-2.6459027429913275,1.9341715849545869,0
0.7279456117049435,-2.2608114898526863,1
2.4962329242349512,-0.2525306897570958,1
-1.3776908746769645,-0.9294413569117475,1
1.4444154219332848,0.9866699629303006,1
-0.6945404412380413,-0.5965018216005089,1
-0.4223080678129315,-1.1788030076503304,1
-0.047344921886996044,-2.1295402560134162,1
-1.110552061192545,-1.143049307164623,1
2.4218945835164027,0.5266247720854496,1
0.606879978102357,0.7894716944874239,1
-2.360575715887347,1.872931263583604,0
1.6052464810882867,1.5493425376886956,1
0.2075612022299079,0.42890812512329524,1
-1.6671752566258378,-1.9485057302071058,1
1.438607767163886,-0.3262378318966429,1
-2.965697226608698,0.46759387285606563,0
-1.3100213916045353,-1.8767686167980528,1
-0.17626595737004752,-0.3495124425080154,1
1.113434862045855,2.0353895276009624,1
1.1707222826519292,-1.0727295861876134,1
0.46811071641622903,-1.809052436117922,1
-0.6285520572714132,-1.3788596760112595,1
-2.7947583306427908,2.034364046453793,0
1.9157749015126082,-0.3008995386089077,1
-1.5778518571534796,-1.3659811477009904,1
0.03395370215265642,-0.9078647098150998,1
0.6338303442425496,0.1430420532189856,1
0.18685922890163406,0.7296748797811774,1
0.26123350175466575,0.38453871392079453,1
1.979517240008742,0.09496134689183938,1
-1.221530911299096,-2.3396218313651906,1
-0.09488223797650439,-0.7358721274980544,1
0.5583908416079765,-0.606046219363904,1
0.39948543723039454,-1.6664294538791622,1
-2.291079556399402,2.82587417012038,0
-0.3622105508061513,-1.65242260707373,1
2.853798794235279,1.1546119121948208,1
-2.9879126000731713,0.8914538273617176,0
0.31718858301067354,-1.207741954792483,1
-0.9991198207059347,-0.8012843800594083,1
-2.5194671413664986,2.1144453678906343,0
0.9317294155974658,-0.1885315398552636,1
-2.6133606783252237,2.0161950461267617,0
0.16657321777220066,-0.10430564206551762,1
-2.6451368231288366,1.931915865021667,0
-3.269204627739977,0.9622296699473989,0
-0.2576541321459962,-1.1135205513046111,1
0.5476412508522566,-1.6210420107809802,1
1.3777459427223402,1.343613510378076,1
0.3116386789457588,-2.282472308591893,1
-3.364340311652679,1.2275838812633335,0
-3.067348282459083,1.5363146157741374,0
1.0095005686168723,-2.2989202246981764,1
1.3230107400351128,-0.5874665575837752,1
0.6346054260967354,-1.4787998540675018,1
1.411306937611529,1.7745349446437442,1
-0.580006978589025,-2.0723007753781646,1
2.08282778247352,-0.2509562550930631,1
3.0526367980446514,2.606529519757639,1
-2.4512090590888516,2.239722380755942,0
0.4580704922799995,-1.942827622780631,1
-2.452917031267013,1.97045783804841,0
2.1272603542189743,0.23313263170503262,1
-2.6719897034521796,2.085665113807284,0
-1.771227766831882,-2.01453030679409,1
0.2713997958061033,-1.871126537700102,1
2.487284218869317,2.41192391155494,1
1.6155093381585448,1.5425486656070568,1
1.6844900554373687,0.0670622770005383,1
-1.059901965871819,-0.6786428065842816,1
0.09773378853639067,0.5671482081489427,1
-3.032386520288866,1.275209958206464,0
2.954981752053056,-0.05073821488874808,1
-2.6634841893662498,1.8379757313812244,0
-2.785625680147524,1.4942811035440797,0
0.10075297684354109,-1.5237634143629062,1
2.693987966680853,-0.056285092795018754,1
1.8576715016884233,0.338806472026418,1
-0.44145141105420815,-2.1901846716244506,1
2.9255554155146917,1.4228403287502247,1
-1.012386357467521,-1.4998606056207842,1
-2.9816531948036005,1.5056675870903615,0
1.314033024995785,0.08211598336757087,1
0.14241063606105006,0.8921741468035029,1
-3.0628731815672388,0.9080090202952505,0
-2.979285474381681,0.6402290049999209,0
-2.2514076991885044,1.5243732026696006,0
0.4357528242467671,-1.5684123332081434,1
-0.7526082601466029,-0.5933253164352741,1
-3.249984582719076,0.6454413928584387,0
-2.3777721078674023,2.1401486511143544,0
-0.20743930148014136,-1.0077416418250496,1
0.1225190074047515,-1.3998434688717205,1
0.12127283002488384,-0.3102966242340177,1
-0.9891607456005239,-1.4468131808954687,1
3.5059694145128,0.5139948077618313,1
1.3576152645593251,-1.7339580325504613,1
-3.3859441155125696,0.7681277545221356,0
3.721998560959489,1.0618486650273062,1
2.443688703023781,1.368642681873047,1
3.364906008977099,0.5388103650731287,1
3.448908272150165,2.406497071265845,1
-0.46096804052491214,-1.168405163018243,1
-0.9306547461356256,-2.174819652856894,1
-3.449019508925708,0.4048463280840869,0
-2.4510261572668592,1.3049462357941017,0
-1.1322638810729693,-1.6049336410805344,1
0.012260312206655438,-1.8977099946395923,1
-2.723582651820377,2.038471624756731,0
0.17069491613664564,-1.6684465463001903,1
-0.01210859845589482,-1.2228920045315177,1
1.7355129045411233,-1.4094740745922316,1
-2.5562949263431274,2.375281552318135,0
2.23925309860351,1.1454089144948694,1
-3.32406706993726,0.666547244243034,0
0.8340145286770895,1.0644849594952512,1
-2.144779914675574,1.6986184075315631,0
1.6611292116400096,0.010413269157250327,1
-0.8175226372901956,-1.9962178539123019,1
1.2316077159689245,1.017174571922035,1
-0.4197716074401226,-1.16675358707028,1
-0.9861183805436017,-1.5211310594182594,1
-0.40678908462726904,0.06797820927309273,1
0.5776473589866767,-2.377349686941333,1
-0.616095809583211,-1.1620674068782935,1
1.2360812787211632,-0.8664467868957915,1
-2.185759693896003,2.694897348372679,0
-1.0339208970899016,-1.7633780466579374,1
-2.187139634824259,2.2058961746456944,0
0.13784276292439,-1.792866215905618,1
-1.4416097399526997,-0.9012727465281172,1
-1.1561560029045452,-1.7522642181475785,1
1.3341967479272352,1.7318459919633682,1
1.8810387273870333,1.5823069000570822,1
3.1334982009261276,1.9487571875215328,1
-3.2746482980841276,1.0855312826608472,0
-2.031338009481039,2.6882606844925783,0
-1.5493632570558986,-1.8805315879338491,1
-0.6361846283193672,-0.7647764228798677,1
0.6199331517863815,1.470182579344546,1
2.9276223182182597,2.0293957694783624,1
2.1518327321054778,1.3770664190622623,1
-0.30460797014002794,-0.8725107375585897,1
-1.8413161635120914,-1.6013543931825702,1
-1.2132500825849728,-1.8226002868681164,1
2.4050952287677574,0.5205548718101152,1
-1.3679748549204145,2.2354022479551556,0
1.5865771979968661,-0.5124211006656947,1
-1.025994973683154,-2.0217169003564672,1
1.2372339221628508,1.0861791079137695,1
-0.60803887121559,-0.4344876872152743,1
-0.9262041376713335,-2.1415085115595214,1
0.820622971989118,-2.2895206200101876,1
2.797801072580984,1.9849168398966606,1
0.48201096067879534,-2.3146475158020365,1
2.6232777011816855,1.8534538789743022,1
0.6814419849117718,1.0615465379490558,1
-2.488848491156804,2.1321003393765103,0
-3.31829218889617,0.21915932394351126,0
-0.23736724514430207,-2.9394439892482813,1
1.9133167733631338,2.4268000676031893,1
0.5384300943707988,-0.10608425559431045,1
-1.7900660956358811,3.029622757581958,0
2.010618507936971,-0.9436074682677333,1
3.322090411812298,1.365232283006566,1
2.1418709240407647,1.7485717745950398,1
-3.203153059505146,0.7178585341606701,0
-2.9401371442407824,0.5947675496952404,0
2.6645820430241005,0.9140691319540046,1
-1.0761124327082117,-1.6127431304086834,1
-3.5243107741876045,0.31474552341180184,0
-1.6771492511792754,-1.4259176235882873,1
-1.0738136369528208,-1.652408813700744,1
-0.3596796885482823,-0.969403898211042,1
0.9816651904388405,-0.6436417862493857,1
3.413895875313806,0.9432350160190102,1
-0.08192102382132341,-1.4948953500846542,1
-0.40877799126431535,-1.4682047385449344,1
3.1539023300425653,2.4229557821739682,1
1.173814669628083,0.6044946966270844,1
-2.159692902669966,2.244331026862458,0
3.6571935173009016,1.8588415589507845,1
-0.9547236492900998,-1.0055570928590403,1
-0.8208249732901719,-1.6024443750435573,1
-3.159080176787141,1.4447643396382395,0
-3.2683754696354854,1.0033434918728457,0
2.03565263420186,0.8623462456397524,1
0.3766074591984745,1.0467717601574575,1
1.207274664540894,-1.074908862402866,1
1.2049159531667193,-1.6342828822638968,1
2.7145825783226973,1.4630676650394956,1
0.17297501725799888,-1.6620923730423054,1
-0.0998415548465561,-0.175989983643823,1
0.7435217874078899,1.0318669999278136,1
2.1767593042369406,-0.7112177439825742,1
0.7950120633368598,0.6611945714602234,1
-1.6455645999452226,-1.9378749171193372,1
-1.0353524897268078,-2.201512272279532,1
3.560067763452088,2.4908604118764046,1
-2.5962333455530966,2.336651940698493,0
-1.1984645958729103,-1.2840051990332786,1
2.096693397437317,0.3806037776483722,1
-3.4155331625650653,0.6235073464534826,0
-3.4927926998763814,0.35941864895023923,0
2.9025672048520774,-0.04196648693680799,1
0.05124774937848772,-0.7914902622052997,1
-2.490914165964886,2.095193128140652,0
1.1629983109726139,-1.3409166566038306,1
0.7404810380470136,2.079192375320405,1
1.193183568479255,-0.9538952045853788,1
1.7789753273023305,0.020273472922126334,1
1.0790175056673508,1.1216792328250693,1
-1.885745199698639,-1.5341310285854153,1
0.8068851395402676,-1.0223132303683835,1
-0.5657833802165136,-2.078130813472102,1
0.6771922503134691,-1.21537021115186,1
-2.173289361400994,2.5096961440132017,0
3.3546197102709034,2.2058595008533475,1
-3.328015677503494,0.6817389755405558,0
0.9082821418205389,-1.5516119828926394,1
-3.488268502125763,0.36100269481700253,0
-3.2128680616134635,0.02356027391426596,0
-3.3589738536588203,0.9088515749950461,0
1.4144565145785861,0.43416827514177064,1
-0.6806254365653142,-1.7360999980840321,1
1.0094192456768387,0.4036519249923279,1
0.8792439099368254,-1.2299810238541058,1
1.3900369136567061,0.6621711074656498,1
-0.14482426794574385,-2.847845352145928,1
1.8320635506300256,-0.1463804291202564,1
1.2517814032482995,0.31391457038091386,1
-0.2763475164204442,-2.3580689128798107,1
-1.3261742811026158,-2.0665720391899094,1
-3.4148375651403846,0.3637265869176852,0
2.3903076152205736,0.12295772681238382,1
-0.31742634822478794,-1.9371230692519976,1
1.378452049893061,-1.0091886276722786,1
-1.3750416784184256,-1.8517844758261646,1
1.1364261103236366,-0.045849879263696824,1
0.9791843287756006,-0.870024557763388,1
-1.1041889023743212,-1.8713862444264269,1
-2.031323365268667,1.6523599846683297,0
1.0967699838047613,-2.1053485803716305,1
2.9652009530569376,0.49343459550874746,1
2.6606921553161498,0.9765070325349381,1
2.386679156616512,2.6693735397598095,1
0.4735946334390915,0.601325607663399,1
0.11179414651185746,-0.6444270142937154,1
2.468749749186053,0.6341190878055554,1
2.6007081566535617,1.0157174456563514,1
-3.2673866407379184,1.39750878934588,0
-3.273072089471492,0.7161850225706132,0
2.65145791390015,2.4990319160964862,1
-0.43359764840646153,-2.1949032118541294,1
0.3966245141195158,-1.0785274869167691,1
0.3598069929308295,-2.1871484129250787,1
1.2130287493603362,-0.5911450965815819,1
1.9821353380050197,1.2352333270564486,1
-0.24928933355208951,-2.1437102254495435,1
3.1701820926025808,1.6054922531049018,1
-1.1176302857112808,-1.2453139978292176,1
-2.512658542767765,1.9053017410583362,0
1.5148580820969164,-1.1098632359263119,1
-2.399386745615174,2.657806206621781,0
-0.011955667933717357,-2.184879314150132,1
0.2677179386460886,0.35495562210109055,1
3.0058684254276327,2.063775808862014,1
-1.462164328620224,-1.6723251397424441,1
1.8012701102900641,0.01090692686021666,1
2.0687432797185914,0.3968818756306704,1
1.297575980107313,-0.9007824803860975,1
1.8323369655469472,1.6855327678533767,1
-1.2670614277976557,-1.006772456842805,1
-0.49449783873345354,-0.39070917397737004,1
0.14613593213357265,-1.507855339111257,1
-0.550348345074005,-0.8070327077189279,1
-3.1011201101502004,1.6551791380938519,0
-2.8449178278048346,1.760046521593399,0
1.1414953229603249,-2.2454033428847033,1
1.1292895496672457,1.7827530074897504,1
1.4380953006419337,0.9407239274230681,1
1.2753556736866483,1.814382662498183,1
-1.3732836732045623,-2.4659476369024436,1
-0.4946708192543692,0.4533889785864912,1
-2.8291856476371073,1.0956267899299506,0
1.9212254500055577,0.47328982743749903,1
-0.3878878216392643,-1.8165426333573076,1
1.343348852291857,0.8440366346877491,1
3.1154410759904603,2.287970637924942,1
-2.082871048748489,2.348199781773797,0
-1.501020290888157,-1.865787088454271,1
0.9437344773421794,1.464909283633593,1
2.456232375251711,1.9993872169578697,1
-3.425993521495385,0.7964406724676085,0
-0.03226476598419559,-2.3078289060711947,1
0.8350537371185784,-1.8302241202152247,1
-3.4869769891507225,0.35942081989628816,0
-1.9018715272314441,2.057544812642678,0
-0.6055808679294769,-0.8805942339630239,1
2.1071529800412843,-0.8330437657420677,1
-0.8126001291535313,-2.317679421346419,1
1.3112033075320897,-0.5845983907579573,1
2.9850348587411655,1.247365474304686,1
0.40662699764740595,-1.9759917485072087,1
-1.0297006433593943,-1.9745128850317744,1
2.987804812931467,2.4645847440485182,1
2.3207462039450224,2.1707424456067708,1
2.7045421665868594,-0.07241589887009403,1
1.8144877825494958,0.9565799042981515,1
0.6587695829546224,0.5482554243333476,1
1.9772313045689056,0.3239083542888981,1
0.9607673226769113,1.5969838236852225,1
-0.4197768599604954,-2.2099195861504892,1
2.5828766357381276,1.5173158781378893,1
-3.302573762853869,0.6503879078978031,0
-0.17322907559415646,0.19285663858685548,1
0.16217224557616813,-0.20753366173359233,1
2.165239262811214,1.005014892982437,1
3.5373577054844634,1.3216100261528017,1
-1.584062993235365,-1.7191868360840448,1
-0.08078194212731946,-2.7122219333700155,1
-3.214210740789,0.46635248312653815,0
1.2394407877667908,1.6073547328454243,1
-1.3265924087792924,-0.6198062378740135,1
-2.3390583202714006,2.727929345389197,0
1.6312363946627786,0.34709163220267464,1
-0.15451057097010745,-0.247106137701389,1
1.5961455101484492,0.5649319257751522,1
-1.4588441072816558,-2.079738691559747,1
1.3306013755221804,-1.1899123010962147,1
-0.6206378220351523,-2.492015199827473,1
-3.0238289834042504,1.1679283758270174,0
-0.8566967095526367,-0.6506818749284351,1
-2.9640681955373673,1.8887934345497213,0
1.3143310413412117,-0.9830473487117712,1
0.48582568545200033,0.5292246887624732,1
-0.20089383850063683,-2.9115107053051936,1
1.7251093342377966,-0.14779630211293948,1
1.029017364901288,1.395742373558893,1
-3.0327113361210665,1.492785649826594,0
-3.520180779055986,0.34024710072875364,0
3.06223643427078,1.6603075996139045,1
-0.8301626772991382,-1.2347378050085558,1
-0.7122139382562584,-0.8701082117877594,1
-3.3943546973025387,0.7458417577772753,0
-3.239789893077315,1.3569961009285172,0
0.44876779883390394,-1.4903197186684938,1
1.1504222670536448,-1.418982304349139,1
-0.2947394692473507,-0.02268339175796047,1
-3.4379064333247182,0.6888043799200101,0
0.7794279311698319,-1.4842417001776032,1
-0.08310742905275212,-2.1905630967214105,1
3.196773375137931,2.021836492513909,1
2.5946897143034917,1.1127926038506688,1
1.483340476314854,1.4136686060984858,1
1.7614364738554502,0.3436112203187693,1
-3.216245489276064,1.4325479673020214,0
-3.529551315879201,0.31617000222878267,0
-2.5395241810324705,2.3955431211080738,0
0.43410332470588764,-0.16895625594218444,1
3.118261695249816,2.064057065689265,1
1.2095890461519132,-0.07992778250552807,1
1.5543397740474032,0.7988995605041019,1
-1.7919917858958725,2.709671028952793,0
0.8816672480114898,-0.38221060007466634,1
-0.2902093023162847,-2.1617697948459274,1
3.2157895506786107,1.9423436915071481,1
-0.11060263281002396,-1.8990862250053806,1
1.549872037588664,-1.4507100593663684,1
3.534189426452302,1.894783347492319,1
-2.958309826034516,1.0882820771316046,0
-0.7782107160753553,-2.291338392563542,1
-1.7315879334271072,2.824825212791992,0
0.2879692130168241,0.37077519336384573,1
2.7177539380466462,-0.20077710720336717,1
2.2334826533034984,0.8891024859371244,1
0.38550097809540873,-1.977832279912823,1
-0.34011634105850186,-2.1330662429446265,1
0.8361429284712565,1.106488123002216,1
-2.0397251376564554,2.7831564828562363,0
-0.08056082855710409,-2.2286898585964128,1
-3.257960984217281,0.8311366701424121,0
-0.32423433699145404,-0.8439489818805961,1
0.24029876787883872,0.026879582898170384,1
-2.8419397316434485,1.3248344191504429,0
-0.21650318095776652,-2.2619912520537273,1
2.1178168776060944,0.21673275680041798,1
-0.1973691474867478,-1.5055158944453402,1
0.4127888046022007,-0.6853035342854421,1
0.3439430564371371,0.7080516524543565,1
0.87213269052109,-0.4790290610283563,1
2.273796650957447,2.1140300061226345,1
2.107478873790747,0.7240821577536761,1
0.7283069809678122,-0.7548990422439525,1
-0.3668157644745532,0.7426030075228335,1
2.858155332213378,1.9867938979856912,1
3.1393605617483495,0.2943091447535116,1
2.8709431030883956,1.2966343869890729,1
-0.1501731814553033,-1.3630597921600247,1
1.1555920108758815,-0.21549808872967136,1
2.032418523819093,1.058832192463004,1
-3.3345692837136904,0.14274805372083987,0
-1.337510695103882,-1.6480325521064865,1
1.0624283276620259,-0.8954000857771143,1
0.9949630567826879,-1.5374070150367256,1
2.4726339581939123,0.21141538685196956,1
-2.9377756793622707,1.501300477124991,0
1.1545805831576548,-1.2516041272911789,1
-0.3128393366702733,-2.240257367207034,1
-0.7368891829864723,-1.7689928564619302,1
-0.18614200892478264,-1.5740367903912063,1
-0.05787586772425102,-1.5136284015060963,1
-2.7508568609291473,2.0873150379490637,0
-3.309046825979386,0.39870467731869236,0
2.161528508794999,0.6762888560275622,1
1.7472172163525541,-0.15157057011089403,1
-0.7486963770675221,-1.0407870148580278,1
1.9082155970518515,1.3871282966126446,1
2.874203483373622,1.74658759982832,1
0.7902055522130234,-1.1266465336007587,1
2.031510534131708,1.1583268741607684,1
1.9323239588622976,2.141148290956566,1
0.9791892575123522,0.36732842982365754,1
-3.3281560337159486,0.1392701618771639,0
-0.7113865623980116,-1.093855152589408,1
-0.41206922780000643,-2.2610621045150427,1
-0.27692460017679044,-1.9988069763162222,1
-2.370397277970661,1.5193745039173852,0
1.3964851169205164,-1.934700817043042,1
1.130398178613231,1.3622993016959997,1
0.43139329444980246,1.4219730739428464,1
0.8419002965936659,-2.601227371648299,1
3.0850894447981934,0.8511956064717754,1
1.4988783276515203,-0.42174976405942877,1
-2.6397214252854213,1.389139969270086,0
-3.2023285993074784,1.3516450309571106,0
1.5901612017253597,0.17084701727197377,1
-2.121754299171989,2.7407089086696494,0
-0.45925771849054625,-2.0731189223513504,1
-2.4247948694036263,2.3249165612614338,0
-1.0728762357281816,-1.4188862491113117,1
0.07444833262391623,-1.0661487647516388,1
0.15454602175433793,-1.7468130702814375,1
3.291583588165802,0.35893540562142423,1
-3.55927504773004,0.5293277837562342,0
0.5996631963954029,0.9429464160979382,1
-1.0657658279307656,0.10497062490446302,1
-3.227745018460809,1.1122206409979647,0
0.7138694449047023,-1.6654335179998552,1
2.2849652338466426,2.226958099112706,1
-0.29037945179816343,-0.3932809728695108,1
-3.5095126574833087,0.3089884654609566,0
-2.4466612570467716,2.6188289467428083,0
2.9896692227705555,1.7631969395548122,1
1.036445762046471,0.8328083053203521,1
0.6192388207052656,0.4489575910797954,1
1.0415797058810463,-0.804743800312343,1
-0.8749975712700091,-0.6627819271059183,1
2.1352818595068066,0.5313133861066904,1
1.81686855402831,-0.9019669787154778,1
0.8849817340616075,0.18893934106346644,1
3.2631687660481754,1.9231688382296366,1
1.0760043583778134,-0.7284162016013758,1
0.804401047812572,1.1185013188872248,1
-1.1809081678962994,-1.3528861208223368,1
0.7873662132320055,0.9050469659318586,1
3.6466189411141925,2.5227471302461324,1
2.621124771981607,0.8402964698846895,1
2.844002811039533,0.20625653560533358,1
0.07098147537274677,-0.4244747555449768,1
-0.838080334096334,-1.1008356969308102,1
3.0123961931851024,1.3780201104888306,1
-2.620114157656085,1.9324540474353396,0
2.057684444373195,1.0964200465628624,1
-0.28289567329087384,-2.462039038086572,1
3.09227559243229,2.404351644888962,1
1.3054818454788366,-0.35453032849480315,1
-2.2817133712161244,2.272415791924767,0
0.3269903081977934,0.5471685978198119,1
0.1556164995806215,0.8717628524065137,1
1.552154769790694,-0.7860599986374455,1
0.9465759281653223,0.2282424292617133,1
2.3558872580741976,0.2769547722736623,1
0.8586733026687001,-0.5940778046355117,1
-0.09883471148560516,-0.015141943930790436,1
-0.05059025085347266,0.1608061998972089,1
-1.7972768416284621,3.051179240220552,0
1.1979356089971018,1.282569530942084,1
-0.02891752333283601,0.9933258137609291,1
-0.5079178943432546,-0.2117255113975216,1
-2.8824892565027005,1.6906581947080517,0
-0.6552789529986266,-2.1824864595336377,1
1.4326354966072894,1.7584315797972518,1
-3.2381998950183153,1.1517255745968886,0
-3.2445991045815674,1.129734454397064,0
-0.1852732451503809,0.020966911753708573,1
-2.401017276457343,2.628295357428045,0
-1.0798616238497911,-2.0312662682522786,1
0.14612624687473072,1.3235011709124223,1
1.5568295533728076,1.7474135419190662,1
-2.430250660850361,1.5855008679397289,0
0.10315200344567374,-2.8916599775962437,1
1.7898880304732196,0.1943814670577114,1
1.6878273260709016,-0.8633530258118598,1
-0.6329691861958389,-0.6331322536303277,1
0.2113969698214174,0.9792066655763881,1
-3.3112061051565327,0.550293162173624,0
0.8260810144316499,0.15844799977937965,1
0.14634069447344097,-1.8178217389741564,1
2.2699003387328243,0.7291246690332668,1
1.1587127873400078,1.2656639334246007,1
2.666427046076343,0.6766285983434127,1
-3.532695640894159,0.3170246895189712,0
-2.9871507534249195,1.845890657594671,0
3.89740691549134,1.5636063094540003,1
0.5047619901149786,-1.408525978560022,1
2.614026039939358,-0.4914642381511438,1
0.8783297088061777,-0.7315711162108176,1
0.3392255497476465,-0.05047629057664943,1
0.40158753930227054,0.043770139980838396,1
-0.680087140166394,0.04602942921959824,1
-1.009373371933501,-1.3935551980094487,1
-0.15546958609732603,-0.6721265044957487,1
1.561539926411785,-0.08449070723332297,1
1.3787361611840698,-0.06987529646926993,1
0.10730960326606928,-1.8089589467507192,1
1.0938665447972322,0.9286643298673027,1
1.287872361190264,-0.38247337618902777,1
-2.4802086996039017,2.611651857754406,0
-0.15753903099543864,-1.5819509184447518,1
-0.19727340638007373,-1.9925002546901047,1
-1.0716856688869179,-1.1456036539972074,1
-2.824512243524683,1.592915066956163,0
-1.2075687430603577,-1.1118738044333247,1
-3.0207111232311394,1.5636747417544765,0
2.095549283077526,1.3564753100844102,1
0.13260769330911268,-1.8339710322228973,1
-3.391889659093278,0.8640071959602044,0
0.17159460605988439,-0.4711547580581661,1
0.6648646679660946,1.232954018642764,1
3.800350489739879,1.5630879632003352,1
3.086103545360281,1.5776570606995703,1
-0.9598006706794708,-1.941159738095657,1
-1.062956027177769,-0.8956189410804372,1
-0.6771126807977328,-1.5080931118222858,1
0.7163219576272848,-1.9727141741950267,1
0.6659934297612342,-0.9380453579759738,1
1.5272404586258077,0.6999863212253131,1
1.0272376310654754,0.17349576117362558,1
-0.24037409202372206,-0.8423743193553761,1
2.305964492841857,1.1132171183469741,1
-0.6332151220949831,-2.4885964506667193,1
-3.3639163171866295,0.15072513509593224,0
-3.1140858084837877,1.2244343809845564,0
-0.6395037721248987,-2.486887076086343,1
-3.0149431771214226,1.5658170793011834,0
-0.22544556185907338,-0.20716017468147851,1
-1.163975000906196,-0.9398994901858753,1
-0.6354359387394479,-2.486258141876628,1
2.1323799187257655,-0.5821210483442163,1
2.4080293515402897,0.08859464864164268,1
-0.15473425741619035,-2.0563348694846666,1
-3.51697401581937,0.31275125306802887,0
-1.2677934867400684,-0.4036221024129697,1
3.034289172511522,1.3857141632015664,1
-0.21526793711814227,0.3093396325528187,1
1.1464947559718903,1.7844002481897527,1
-0.3560297706903037,-2.134073026501567,1
0.6119297222001547,1.1768700317523457,1
0.4319676730803227,-1.9252643519763657,1
2.1102340450489527,0.7833954508701462,1
1.8015496347621658,-0.2698207568173794,1
-1.3181022704594698,-2.1662191551459564,1
1.760960833628952,1.2328210245237177,1
0.24139447639231612,0.8344247446261357,1
-0.49335419875106556,-1.2716349808296152,1
-0.2294574094714143,-0.6416063195413175,1
1.6204990874781628,1.8877816850166333,1
-1.217582841529984,-1.2849989020898147,1
-1.3223852296175682,-1.6398433102391499,1
-0.8988866215095676,-1.3426138179389915,1
-1.4845916254769518,-2.093367691731512,1
2.2317148962636257,0.8010829722635822,1
-0.009611441681132621,-2.097968571063471,1
-2.750860804548129,1.6821627918827993,0
-0.7332056127467786,0.05479490901377981,1
-0.9255767301300699,-0.21273660499456015,1
0.5102944503606018,-1.5047338746151484,1
-2.5531538523678345,2.517106195118168,0
2.1052389310452364,0.49328433892980816,1
-0.8307995119504136,-1.034638075860414,1
-2.225828108903941,2.9194714903351278,0
0.014574401656764158,-2.7155735660266593,1
0.10164664688517952,0.44587566693920366,1
-0.02242277633976439,-0.7489176899956018,1
-2.709501501237147,0.6284788942048449,0
2.1777433259653827,-0.929820215084395,1
2.0844238275497573,0.17126827294523567,1
1.6509705454836356,-0.07078931807240535,1
-1.970526832318496,-1.838200257969263,1
3.364274354204839,2.276572496861979,1
-0.26764202448083846,-1.9670794623786638,1
0.4934756792961583,-0.47439948541068433,1
-0.03663959902586078,-0.21593621697166931,1
-3.2081772885852975,1.3812626626024525,0
-0.03372246651978983,-1.857876008971591,1
0.2746354552893482,1.1362440685609858,1
2.491140905972758,-0.5304579501411739,1
-0.025791561820351444,-1.3066508407737172,1
-0.6667587462133702,-1.3767801483243889,1
0.7988715505664652,0.5865187403972058,1
-0.5729693861072541,-0.11135091799593366,1
-0.9083862959199063,-2.146351739537256,1
1.5970870613957908,-0.7201606102450782,1
2.329328015341526,0.7205908083689816,1
0.12451630090780039,-2.580516631776973,1
1.1764519091252132,1.6748133182771003,1
-0.8344858042904092,-2.3134651275783993,1
-3.2066607154689213,1.0371742011229337,0
-3.2190222458614963,1.285217363331201,0
1.6430474518281055,-0.8525843151087924,1
-3.1768175507242673,0.71593138252967,0
2.231799437775145,0.4753671935542011,1
-3.1782717835554344,1.363954548446186,0
-0.20778700489830504,-1.9959261888295963,1
1.552553066020219,-1.7027565413248937,1
0.14573320280155785,-1.3214057347429577,1
-3.353009232759085,0.45845528319801265,0
2.7791133565467914,0.6853355226872979,1
3.5892719244795455,2.4551486010395687,1
1.0402486921577145,-1.4593151385149807,1
-3.3020290533348247,1.4004385570226907,0
-3.2750768628967704,1.397304690536866,0
-1.6235950398804082,-1.6954291938023798,1
-0.5402299081875982,-0.2242520095043632,1
2.5602497425931077,2.1621490414437456,1
0.1510086411753678,1.0592636750131668,1
0.9359961342369234,-2.2696878722943783,1
-0.3908317697901823,-0.967154965704679,1
-3.4953194641763363,0.33292597743753793,0
1.6582207623794458,1.8741586741921787,1
-0.11259859273039408,-0.1875689481617775,1
1.9980847188705877,1.896195684833259,1
1.08478195423401,1.1303605915323205,1
1.224019077876541,0.19893213344714802,1
3.0921375691763946,1.6439248476163344,1
-2.9996739089515922,0.9542065915823039,0
-2.506422925178246,2.443368759154357,0
-2.772829710250595,2.1007467234165014,0
-2.0126840815815883,2.228113249036468,0
3.032933753047056,0.26595982514481975,1
-2.662905257049678,1.8155354039795664,0
-1.7495018430559799,2.76308295228367,0
-0.6049161969603635,-2.4962886362784156,1
-0.6450638142424601,-2.2538523878062287,1
-0.4307522111858179,-0.4665017367213916,1
0.686155155625822,0.593093968663773,1
-2.9974375494352388,0.30171320306974014,0
1.9899030927892383,1.695471853944723,1
1.7555403714447224,1.4193283960446907,1
-0.32973886642883976,-1.3803371081181275,1
1.1476672544610946,1.1942487477224293,1
0.7836047235655514,-1.0165714776947394,1
-1.5917723874263718,-1.0207234637373357,1
3.6269360118189993,1.7434027783614432,1
1.7819972822330805,0.1638908855085826,1
0.018864029940532184,-0.9850341987784552,1
-1.205002839494487,-1.7469721663141318,1
3.38172319966567,1.1509151816791956,1
2.1034222877563837,-0.10437251253195623,1
-1.6545979565660067,-1.95192447936786,1
-0.4967383959965388,-0.6794400049759051,1
-3.3377136087286483,0.14360274101102832,0
-0.29686294637924376,-2.083819745819892,1
0.25670019605876104,0.425086393297046,1
-0.6795289947463187,-1.8516135872465855,1
-3.4765178667202092,0.35579400812247086,0
-2.2671041857089165,2.9235574136323184,0
-0.9419617594247717,-1.611287799156829,1
2.0215029589157107,-0.47805205539727114,1
1.5560677307032589,0.7703803844435537,1
0.739558800889609,-0.9735534270618655,1
-3.2382130614229463,0.5467812083973356,0
-0.24385615793254725,-2.3669006815450917,1
-2.592579130249091,2.349994796260417,0
-0.7317789813979723,-1.7064351432969898,1
0.14612444531676325,-2.903340703895487,1
1.1128591316466638,1.7860436664798107,1
1.0287084299922191,-2.1916765823008397,1
0.982705701663263,-2.008676407189541,1
-2.46912950335864,2.2807981507945856,0
0.3547772507423296,-1.3467333363281915,1
2.780154017003871,1.5310316050111765,1
0.462959864329165,-2.3207688435805363,1
-0.28460146272704673,-0.6543494295815624,1
0.2113677822588634,-0.0626816191380164,1
-0.27056099843247683,-2.4485637673093006,1
1.2045006320119918,-0.7298517217209084,1
-2.9960491825390867,1.4514396856193685,0
-0.08319973281219648,-0.3990460761276018,1
0.59530102181049,0.9436299167540998,1
-2.6378907272899497,2.0657813008433816,0
2.2686714952158886,1.234009472942154,1
-0.4125926128979983,0.558540562694529,1
-0.8884804876025812,-1.6088648909500018,1
0.325748514029774,-0.3833931718816235,1
0.12520498753368223,-2.1916774841651248,1
2.3463076116391535,0.6450686485828071,1
-3.5020875760379893,0.3345801815544407,0
-2.663843619786906,2.297971030771653,0
1.57995254905453,1.9851119779071011,1
-3.1441800173320273,1.2463232744574397,0
-3.2272906342240093,0.9663019186462712,0
-3.437581975994694,0.42832018619733025,0
-0.13650646545691428,-0.37301882578367407,1
-2.6872410630943513,1.4569407674050558,0
-1.1250494472028871,-1.1071462026847463,1
0.4002079140864595,-1.8609689552367539,1
-2.130117497892291,2.3048155995470156,0
-2.309190427747219,2.422114255946713,0
-2.5426411921483076,2.071174503470462,0
1.0080772070823187,-1.847097006269042,1
2.527095136901608,2.4688196128168056,1
-0.5284817209306015,-2.21025434181705,1
0.8369172511985725,1.8646358518834565,1
-0.5005728912615073,0.4381130515040766,1
-0.94258519610239,-2.1388167707248336,1
2.034584918065767,0.03644453724374319,1
-0.8818324847572756,-0.04203149712493459,1
1.3606400044244766,-0.4106316594470123,1
-0.05079020854211799,-2.104047324036838,1
1.9523676208356047,-0.37567527022011715,1
2.000003082796774,-1.196912337694084,1
6.230325531161706,-1.808596080881947,1
2.2616034799168347,1.1481930054799665,1
-2.9672458967865554,1.4088938064454826,0
-1.1141756400769862,-2.507046635601373,1
-3.092464868772131,0.5075849788951756,0
0.5358695795916762,-0.08787574713630747,1
1.65044289278953,0.19797234561289512,1
-1.4420706800897771,-1.4768875572987095,1
-3.0620871502305733,1.437021507983123,0
-0.17106288985318663,1.1769634224526533,1
1.5829552715519322,0.7608856578771603,1
0.6227208199287037,-2.3098083159424725,1
2.3835898305825234,1.3524501111660825,1
-0.2419805066064716,0.08362519004739644,1
-1.2815120708703707,-0.744135282780598,1
-0.09732926164676695,-0.329277781221458,1
3.394289128605694,2.00198782518236,1
0.31806669537135746,-2.192280193050755,1
-3.095894133573552,1.5352902758315832,0
3.2951653675701036,1.9208330308660466,1
1.3228010831274224,0.43105289554652637,1
-0.554636834541205,0.24230185329416698,1
0.8922381277067521,0.09286517366808744,1
-0.1986834840336473,-0.997080228651404,1
0.2393175269390548,-0.05876110867327733,1
1.345495598807857,2.1469042154066393,1
0.5077265070357024,-1.5754403467999263,1
0.9161653352807275,-0.04106355492655922,1
1.1591144787603183,-0.07058810864821208,1
-2.5037344361942986,1.8197016282138812,0
3.2578304942738185,1.7121780692281465,1
1.2750421394791436,0.33272264312160327,1
0.47189704407359345,-1.060252035681047,1
-0.8825733821278299,-1.88682936819104,1
2.862944176221099,1.1441893013318898,1
-0.5772521684563242,-0.9309206224798146,1
-3.519993740866501,0.31183742309491813,0
-1.143609850559335,2.234718730275758,0
0.46185225556057696,-2.4807623382307558,1
2.066885386785637,0.5541843598886963,1
0.5158903791036586,1.1684657092175783,1
2.1770563078938197,0.20268000176031084,1
0.5702367092082367,-0.5898155716372528,1
2.873238175273993,0.0010125339084108842,1
0.8032707520623332,-1.3556721719519536,1
0.5918308754722316,-1.7509530309175139,1
-0.12598871527260494,-1.9121195473025168,1
2.702072599071075,0.01565412112394976,1
-0.566584012351012,-2.058920170634984,1
-1.7315398342539796,2.8455183483139983,0
2.358406532736218,1.9418054435705832,1
1.3165321617728318,1.3349112826814173,1
3.439787182024428,0.9993234446729182,1
-2.6922579785986174,1.8566363227976168,0
1.4724997534810829,0.6990527990825162,1
-2.7400664661318794,1.4925616872264502,0
-0.3510200153502701,-2.748467892281072,1
-0.37211316668293765,-1.5947637896080675,1
3.4969497185905856,2.2875730605065066,1
1.5246531771190484,1.7034689234387455,1
-3.1666306599085776,1.4498834169152606,0
-2.8336062815290726,1.1663086932109128,0
0.922914684657103,-1.2844712444996758,1
-0.9488362055213571,-0.9690620322283259,1
-1.148946286266128,-1.3360589666286735,1
2.061601657219131,2.5597244574499154,1
-2.1911315851224193,2.6288696421261957,0
3.124916136097823,1.6773580470495089,1
-3.5159259074810505,0.31246635730463257,0
-0.83607877863772,-2.0574010836890637,1
1.0773398386973463,-1.0129737324126096,1
0.6186362216476776,-1.6336045637956804,1
1.2132629719574197,1.4043333591126752,1
-2.727550445799523,0.25730304370842516,0
2.5985752097499843,1.4494646434495866,1
2.214759703573058,-0.07178840860351782,1
-1.0844808467309215,-0.9170330027784284,1
-0.5036365443882627,0.548804613681387,1
0.3429983383578633,-2.5788652416616458,1
1.8416083009727398,2.028461034227414,1
-0.5409666112339917,-0.09529699111275747,1
-2.7275357246204504,1.953239453781226,0
-0.8564597541451335,-0.2558855951244067,1
0.973131106745367,1.2196806285162392,1
5.973703704938783,-2.3266324100029236,1
0.8250573046158294,-0.7192962908712588,1
1.1515981980814443,-1.5040921762205839,1
0.692206647219561,1.2189031749365322,1
-2.880451183995411,0.8031922388231183,0
2.3954485963435985,0.2266606057858685,1
-1.1807076232890692,-1.7211777711335516,1
-3.341906042081925,0.14474232406461296,0
-0.5092211803673222,-0.8291691596805504,1
2.1633511543587987,1.3599836889291494,1
-0.6395037721248987,-2.486887076086343,1
-1.645962896392373,2.7955122194780544,0
-3.1807388890495294,1.4254143872065972,0
0.10731249326395195,0.2833047984002477,1
3.5656340154179125,2.7298201729574396,1
-2.6760184545014485,1.9034004032939207,0
-0.2720827834780382,-1.624800189222769,1
-2.6289430691338844,1.1939846193341033,0
0.10713714858111043,-0.06766204847116941,1
1.9588748143193404,-1.1182134142055824,1
-3.5252342825580976,0.31326190191189895,0
2.051516314163142,0.46328007618447775,1
1.9980369171003522,1.1279288235104825,1
-1.342512204408482,-1.5889636303841925,1
-2.232777787079608,2.4825755822398836,0
-0.59618285946443,-0.10385885668469519,1
-1.2057241639477145,-1.0806082425112697,1
-0.7775263202779454,-2.0453217059527753,1
-1.0724168039538011,-1.6050293241533908,1
-0.4657688002201331,0.44793304058915906,1
-2.763949602943294,0.8382346541844065,0
2.9617861889221437,1.3803617602393627,1
-1.2363659866152534,-1.370758506815597,1
2.179616358290683,0.23139104011844444,1
-3.1990155458861267,1.0871648876827305,0
-3.330252250392587,0.13983995340395616,0
-1.724694653389368,2.282331588262585,0
-0.7342263905364564,-1.326636165843689,1
-2.129619138135569,1.8528478963360666,0
3.332282458233385,2.2095050087277937,1
-2.852482982697531,1.7444740802572367,0
1.6017505503188643,0.2690445355642397,1
-0.9969076884345239,-1.1577441006777691,1
-0.18829304404960362,-1.537318806829494,1
-0.4823464879264673,-1.9707626455981333,1
3.1603900077160976,1.610077224409111,1
0.772449949519709,-0.1686977869147045,1
0.8486902826241043,-0.46465490324610603,1
0.7602016731072242,-1.236230774174207,1
1.5708004556887936,0.70969739373303,1
0.13044286284171022,-1.1181310638577686,1
3.4445489969252217,1.0725663811392734,1
-2.7920242748406525,1.9414197047722919,0
-3.010038700719968,1.2290258771561406,0
1.6173458904683005,-0.0020518395444770188,1
0.1363949066649449,-2.3580248194123667,1
-1.2736139565462243,-1.5597820122371404,1
-0.5581632676750334,-1.4075900951364588,1
1.3912896990739743,-0.5857012078734405,1
0.4456383666933642,1.328821059399255,1
2.43354706321939,0.2658893056374962,1
1.4129128510358253,2.209590176816623,1
-0.6218105303412976,-2.4899617868007784,1
-1.7278837788466928,2.846090268783052,0
-0.6663908287288658,-0.6258204807742553,1
2.604944903627931,-0.47681383648147313,1
1.9943168646208143,0.5896133206724088,1
1.0877684015621745,-1.1524439301198073,1
1.0032577244309844,-1.3401100410095994,1
-1.0823750273875226,-1.7539941369901308,1
1.9923316959624187,-0.3844666638017087,1
0.6938483735228141,-1.3663559837852826,1
-3.163673350604107,0.2602933695316085,0
1.4490078733139797,1.27828507887868,1
-3.2515613425649934,1.3982798204049525,0
-3.1920815342491418,1.4500623162646722,0
-2.7861706455072843,1.3785674113832684,0
0.3154913347414794,-2.13261051223739,1
-2.5682626633498873,2.465728969307611,0
1.6378666815181158,-1.3691608114152947,1
-0.9020017761525334,-0.864019906450527,1
2.2148869341995514,0.8930185562466915,1
0.5723005143897582,-2.1527035180906253,1
0.26299395630686173,-2.6487270247060177,1
0.812023488264557,-1.368002722026222,1
1.0214955008771551,-1.6166986681740405,1
-3.3810627489776373,0.36046416746262994,0
-1.0973899554725577,-1.509548661688654,1
-3.1167321864638398,0.7436007221199329,0
0.4870314323801085,-0.8601805932196753,1
0.5416733082677542,-0.625726637295118,1
-1.0486247251518543,-2.5630375413493267,1
-0.19261765431889785,-2.06470846464515,1
-0.7472355153755444,-0.8430237918894261,1
-0.41329362082919274,-1.1070832817212863,1
0.9149074882691968,-0.3292110390159484,1
0.8918463524162539,1.4688967553594552,1
1.6556542613599996,0.5589985901233857,1
0.2776361629677525,0.36584739766897856,1
2.5777504882504583,0.62398124312397,1
-3.5270768320220225,0.34208132648802636,0
0.3785265339204402,0.3041878092211106,1
-1.981853738725718,2.7151278279530118,0
1.9638003986381543,0.42077351221151016,1
1.1193420990791494,-0.7780363410840072,1
3.0807193459420827,2.1130299796334793,1
1.827770860042323,-0.27861488850817095,1
0.7493659969296299,-1.155867639200954,1
0.7883535885115927,-2.434466008898759,1
0.5569068943878476,0.4471700170673484,1
-1.3902423265433785,-2.3957192185657528,1
-0.6181215923268397,-0.4150417627671438,1
0.4782750630310152,-2.200545360570506,1
-2.3870616834669063,2.3522760599337005,0
0.4417717734128186,-1.8374745211602437,1
0.03640302832729009,0.45259366789266947,1
0.9290056957702155,-0.7212053162626268,1
1.9363565287583804,0.5410212457900734,1
1.5485716885437244,0.79796332965415,1
2.483018085401438,2.362650045559913,1
-0.6034537612093418,-0.751296445239219,1
-2.3304577845601173,2.549811417188372,0
2.6600011892982782,1.28804929564857,1
-0.8344913002082364,-2.12145036098442,1
0.2762619359729581,-2.07224861716874,1
0.5735189529826349,-1.1820791416155274,1
-1.7787365928863244,3.045647833833867,0
-0.6885789364108431,-0.4335453363990218,1
3.0904515490360382,0.932485213007891,1
1.6710439875361824,0.05813804579567239,1
-1.121057465756169,-1.7107813150170892,1
-0.07604962683999938,-1.6828225985082357,1
1.105399107080161,-2.0021625215492302,1
-2.3868836284407178,2.1434104280659154,0
-0.10245416901918795,-1.8197353001002843,1
-0.03672968117099995,-1.6528621277432483,1
0.5554064434178573,-0.036023258999909935,1
-1.3409083658304075,-1.5763241698030035,1
2.0246801862920067,0.9143071164413467,1
-0.9377727827603,-0.8195933518266894,1
1.4980634374438389,-1.8614540283601593,1
0.07415701906908509,1.1779375054181505,1
-1.647714901006774,-1.9382574054159516,1
1.5712696415953755,0.8644870743867227,1
1.1116331624290539,-0.10490465867387622,1
-1.3273469894087615,-2.0645186261632147,1
2.18371764129002,-0.19436475891997884,1
0.5367986612142334,-0.24063273663780693,1
1.5999178864351369,0.7754628828448971,1
0.7357739884507881,0.012876276508849926,1
0.6352530325405018,-0.31346611471916397,1
-0.38435026190856625,-0.9099442490340528,1
-2.9001417843876833,1.62208099536216,0
0.14530133887412974,-0.8855653965716195,1
-1.0061370020759943,-1.5260639011729147,1
-1.0295875373977708,-1.379869610337847,1
3.3954568524354305,1.956852758473554,1
-2.2589899097666457,2.4242443580616584,0
0.34534454132158376,-2.0609473226373733,1
3.2736821815819757,1.9943303733229933,1
2.6240019891203645,-0.40988115379922263,1
2.8660811521901253,1.2133679347842143,1
-2.7688895999811924,2.0190563409149602,0
2.108851725630126,1.2565346387180227,1
1.6918907957331983,0.21987254347421722,1
1.591753365260738,0.0818182191142931,1
-3.012408225317702,1.6219725427504197,0
1.2960705429499793,-0.3170788522621808,1
-0.598678243814043,-1.8365364699318207,1
1.1886063974770669,1.1802618702587335,1
-0.6417245887693637,-2.4845487672962507,1
-3.172708366816363,1.2393230588345379,0
0.9183916274252932,-0.5408709521745239,1
-0.5231213414503614,-0.5381522193770146,1
0.24907612072334986,0.5371369794065357,1
-3.0857179728713775,1.1374089897181658,0
-0.12885381444726143,-1.9132762368696556,1
1.9489274056876178,0.9090622305076947,1
-0.7721931759816469,-1.6872553685354061,1
-0.6364840470777674,-2.4859732461132316,1
3.0870736375744317,1.6921556767272063,1
3.2332290757821545,1.9811031247983009,1
0.11822379277384551,-1.6170478574055966,1
-0.933420366332996,-0.8384250118846559,1
1.4878279229328626,1.536425769974678,1
1.02449733914327,-0.3907366246715518,1
0.8668580049742904,2.2156903349960304,1
0.5685334628155256,1.347164386180117,1
-1.7927318769420424,1.7683066867361128,0
-1.610151673051309,-1.0762613039731552,1
-3.337059974746017,0.19767088336665908,0
2.6171701311175957,1.7334150007287812,1
-0.16673230682293716,0.26577259943549386,1
2.8045710844020455,1.3785279938895234,1
1.9818969680159817,0.439276341761983,1
-0.7034326003772929,0.07192146729866866,1
-1.1760904182068317,-1.2733978873820875,1
-2.452142187624896,1.76675681013118,0
2.3878176410272602,0.140568834462158,1
0.7779617076615815,-2.36003491367746,1
-3.1323552074113574,0.4766785515209719,0
-1.0968044135753066,-1.9654646330187622,1
1.4372049229557309,0.650457884330165,1
-0.06502341179477963,-1.6834623190478166,1
-2.904894098162686,1.3910586662969215,0
1.0199456347062172,-0.5252516566077818,1
2.2059492405176013,-0.6417473713845792,1
0.3988267975307008,-1.2558017509490709,1
1.769536002525575,-1.0236705997774367,1
1.1301409981390078,-0.764819484546003,1
0.6608563196637975,0.7235597081745393,1
2.6508951334709927,0.6058336312356074,1
-0.030178552444212192,0.4828682585627052,1
1.3304741427541875,-1.7450846670020317,1
0.6359807921452872,-2.0282134010808677,1
-3.5127815824660926,0.3116116700144441,0
-0.2475458288532787,-2.343315831724907,1
1.4280965419499858,-1.1512772132519444,1
3.3191552322344813,0.414714563738564,1
2.297710397862224,0.25912957534647574,1
2.295005149485607,0.3763226398803048,1
0.0909444445627012,0.2485858384884474,1
1.2523625352033991,1.3251300100051644,1
-0.7726800814767135,-1.2486744862246508,1
1.8926199090525804,2.162385193156272,1
-2.0012986725076543,-1.6247575806784154,1
-0.542691007531213,-1.714199175179488,1
-0.3966597763106302,-1.4669167898125288,1
1.6306830344651873,1.949582038908494,1
0.3284751370899782,-0.6800543450968233,1
-1.3941152570836985,-0.8473551439043945,1
-0.331061154347155,0.321892821835953,1
1.3524835475487762,-0.3853096686470039,1
2.4644587033628995,-0.39934697439410116,1
0.37732367811714296,-0.2632704935862278,1
0.3849703039927086,0.037768360543769086,1
1.3225173658461953,-0.5136686797560515,1
0.49642447790356037,-1.5938192421412598,1
2.7167470430568255,1.660963664896087,1
2.1143041597603873,-0.631940205732461,1
-2.08925383027592,2.0465387011949905,0
1.7086322587007508,1.8177479110462889,1
0.5002021037402974,0.5349822966997271,1
0.3953948213031817,-1.177649043475111,1
0.05114104997388577,-1.9796476783218901,1
-1.403245513148344,-1.509560225882654,1
-2.348119808702577,2.035062217122514,0
-1.2405827795486355,-1.833869916042671,1
2.941347150021409,1.449761998177075,1
-0.9687481714315384,-0.8549395412821945,1
1.5982535337188633,-0.38445845748679774,1
-2.9184645456689617,1.4778717338248992,0
2.012091995283888,-0.15826782751960677,1
1.938442948999685,1.6383613003451145,1
0.20261133643317517,-2.645238348938808,1
0.5736950500708252,-1.4988571701844144,1
0.22700055463545452,-2.621983027014304,1
-0.8605257377344949,-1.3305051399586787,1
2.0534387173073996,1.4435810022301787,1
1.5972471381873887,-0.32785212741105263,1
1.4004555381731607,-0.7545244112157323,1
1.322743366723842,-1.0123701918437087,1
-1.2838611722827338,-1.8798797751791838,1
-2.598213870007445,1.9712013727640227,0
-0.6638073696715299,-1.855887023697528,1
-2.886839874255281,1.6472643002058933,0
-2.960402637875935,0.7427103013540147,0
-0.505707906630869,-1.245931396418134,1
3.1289729863563553,1.1270438058007652,1
3.2502676353558777,0.3013097050874032,1
1.2963488776519185,-0.08919731167731593,1
0.9216234013567075,-1.0571118757041749,1
-1.1822692131979706,-1.8450659183281086,1
-0.3033314493856091,-0.8396093821470179,1
0.8956841145199008,1.4169317045548515,1
-0.4324860532833683,-2.2225136698898753,1
-3.3208342653842093,0.1648144201854205,0
0.9314736882505961,0.33850745409000554,1
0.13145092858029359,-2.89935216320794,1
0.2257096079927353,-1.1441857925007455,1
2.6994212665723962,0.9038411138313832,1
0.1557830799736569,-1.5780793297025086,1
-0.2007286492539374,-0.4085896619811922,1
-2.103305786273067,2.292622570946913,0
0.8692857915249614,0.4618372006059805,1
3.1260610957066293,1.7936818264452794,1
-1.2452560614670674,-1.1884205652559257,1
0.16795058371423208,-2.374829500006558,1
2.6169351727516794,1.4481789066632504,1
